"orfname","Ka","Ks","Omega"
"YAL005C",0.01,0.12,0.07
"YAL007C",0.01,0.23,0.06
"YAL008W",,,
"YAL009W",0.02,0.22,0.09
"YAL010C",0.05,0.26,0.18
"YAL012W",0.01,0.16,0.04
"YAL015C",,,
"YAL016W",0.01,0.27,0.03
"YAL017W",0.03,0.31,0.09
"YAL018C",0.04,0.39,0.1
"YAL020C",0.09,0.37,0.25
"YAL021C",0.02,0.24,0.08
"YAL022C",0.03,0.35,0.09
"YAL023C",0.01,0.24,0.05
"YAL024C",0.05,0.31,0.16
"YAL025C",0.01,0.27,0.04
"YAL028W",0.08,0.32,0.23
"YAL031C",0.04,0.35,0.11
"YAL033W",,,
"YAL035W",0.02,0.27,0.09
"YAL036C",0.01,0.27,0.02
"YAL037W",0.09,0.29,0.31
"YAL038W",0.01,0.05,0.12
"YAL039C",0.03,0.2,0.15
"YAL040C",0.02,0.17,0.11
"YAL041W",0.02,0.32,0.06
"YAL042W",0.04,0.31,0.12
"YAL043C",0.04,0.28,0.14
"YAL046C",0.04,0.19,0.21
"YAL047C",,,
"YAL048C",0.02,0.32,0.05
"YAL049C",0.05,0.29,0.16
"YAL053W",0.01,0.3,0.04
"YAL054C",0.01,0.29,0.03
"YAL055W",,,
"YAL058W",0.1,0.3,0.33
"YAL060W",0.03,0.3,0.09
"YAL061W",0.02,0.34,0.05
"YAL062W",0.01,0.39,0.03
"YAL067C",,,
"YAR002W",0.09,0.31,0.29
"YAR003W",0.02,0.25,0.08
"YAR007C",0.01,0.27,0.05
"YAR008W",0.04,0.26,0.16
"YAR015W",0.01,0.16,0.06
"YAR018C",0.01,0.22,0.06
"YAR019C",0.04,0.32,0.13
"YAR023C",0.11,0.22,0.53
"YAR035W",,,
"YAR068W",0.11,0.05,2.33
"YAR071W",0.02,0.16,0.1
"YBL003C",0,0.14,0.03
"YBL005W",0.05,0.3,0.17
"YBL007C",0.04,0.27,0.15
"YBL008W",0.05,0.26,0.18
"YBL009W",0.08,0.28,0.27
"YBL010C",0.07,0.25,0.28
"YBL011W",0.03,0.29,0.11
"YBL014C",0.08,0.28,0.28
"YBL015W",0,0.28,0.01
"YBL016W",0.02,0.39,0.05
"YBL017C",,,
"YBL019W",,,
"YBL020W",,,
"YBL021C",0.01,0.27,0.02
"YBL022C",0.03,0.28,0.11
"YBL023C",0.01,0.3,0.03
"YBL024W",0.02,0.26,0.08
"YBL025W",0.03,0.29,0.11
"YBL028C",0.02,0.19,0.08
"YBL029W",0.04,0.27,0.13
"YBL030C",0.01,0.13,0.08
"YBL031W",0.04,0.27,0.16
"YBL032W",0.02,0.33,0.06
"YBL033C",0.04,0.31,0.13
"YBL034C",0.05,0.34,0.15
"YBL035C",,,
"YBL036C",0.05,0.33,0.15
"YBL037W",0.02,0.34,0.07
"YBL038W",0.04,0.3,0.12
"YBL039C",0.01,0.29,0.04
"YBL041W",,,
"YBL042C",,,
"YBL043W",,,
"YBL045C",0.03,0.3,0.08
"YBL046W",,,
"YBL047C",0.04,0.33,0.13
"YBL049W",0,0.22,0.02
"YBL051C",0.04,0.26,0.15
"YBL052C",0.1,0.31,0.34
"YBL054W",0.04,0.37,0.12
"YBL055C",0.08,0.27,0.31
"YBL056W",0.02,0.2,0.11
"YBL058W",0.06,0.35,0.18
"YBL060W",0.08,0.31,0.24
"YBL061C",0.04,0.28,0.15
"YBL063W",,,
"YBL064C",,,
"YBL072C",,,
"YBL075C",,,
"YBL076C",,,
"YBL078C",,,
"YBL079W",,,
"YBL080C",,,
"YBL081W",0.05,0.33,0.15
"YBL084C",0.03,0.28,0.09
"YBL085W",0.05,0.26,0.19
"YBL090W",0.05,0.32,0.14
"YBL091C",0.02,0.29,0.08
"YBL092W",0.01,0.07,0.11
"YBL093C",0.02,0.24,0.06
"YBL095W",0.05,0.43,0.11
"YBL097W",0.06,0.37,0.17
"YBL098W",0.04,0.24,0.16
"YBL099W",0,0.18,0.02
"YBL101C",0.04,0.3,0.13
"YBL102W",0.01,0.26,0.05
"YBL103C",0.04,0.21,0.17
"YBL105C",0.03,0.31,0.1
"YBL106C",,,
"YBL107C",0.08,0.27,0.31
"YBR001C",,,
"YBR002C",,,
"YBR003W",0.02,0.33,0.06
"YBR004C",0.04,0.29,0.14
"YBR005W",0.07,0.32,0.22
"YBR006W",0.01,0.29,0.05
"YBR007C",0.06,0.29,0.19
"YBR008C",0.04,0.26,0.15
"YBR009C",,0.13,
"YBR010W",,0.16,
"YBR011C",0.01,0.12,0.09
"YBR014C",0.02,0.06,0.29
"YBR015C",0.06,0.3,0.18
"YBR016W",0.01,0.43,0.02
"YBR017C",0.02,0.26,0.08
"YBR018C",0.05,0.35,0.14
"YBR019C",0.04,0.33,0.12
"YBR020W",0.04,0.28,0.12
"YBR021W",0.01,0.28,0.04
"YBR022W",0.08,0.33,0.24
"YBR023C",0.01,0.3,0.04
"YBR024W",0.03,0.24,0.1
"YBR025C",0.01,0.18,0.04
"YBR026C",0.03,0.28,0.1
"YBR028C",0.03,0.34,0.1
"YBR029C",0.01,0.24,0.03
"YBR030W",0.07,0.35,0.21
"YBR031W",0,0.09,0.03
"YBR033W",0.12,0.34,0.36
"YBR034C",0.01,0.3,0.02
"YBR035C",0.01,0.27,0.02
"YBR036C",0.01,0.29,0.04
"YBR037C",0.02,0.29,0.06
"YBR038W",0.01,0.33,0.02
"YBR039W",0.01,0.22,0.06
"YBR040W",0.02,0.44,0.05
"YBR043C",0.04,0.31,0.12
"YBR047W",0.04,0.31,0.12
"YBR049C",0.02,0.29,0.07
"YBR050C",0.09,0.29,0.33
"YBR052C",0.05,0.37,0.14
"YBR053C",0.04,0.32,0.14
"YBR054W",0,0.25,0.01
"YBR055C",0.08,0.32,0.25
"YBR056W",0.04,0.31,0.13
"YBR057C",0.03,0.23,0.11
"YBR059C",,,
"YBR060C",,,
"YBR061C",0.01,0.28,0.04
"YBR063C",0.29,0.35,0.83
"YBR065C",0.07,0.33,0.22
"YBR066C",0.06,0.26,0.24
"YBR067C",0.03,0.28,0.12
"YBR068C",0.03,0.33,0.08
"YBR069C",,,
"YBR070C",0.08,0.28,0.29
"YBR071W",0.06,0.29,0.21
"YBR072W",0.02,0.26,0.08
"YBR077C",0.03,0.36,0.08
"YBR079C",0.02,0.28,0.07
"YBR080C",,,
"YBR083W",,,
"YBR084W",0.03,0.28,0.11
"YBR085W",0.01,0.35,0.04
"YBR086C",0.07,0.3,0.22
"YBR087W",0.03,0.3,0.08
"YBR088C",,,
"YBR091C",0.02,0.33,0.05
"YBR092C",,,
"YBR093C",0.02,0.26,0.07
"YBR094W",0.02,0.25,0.09
"YBR096W",0.04,0.24,0.17
"YBR097W",,,
"YBR099C",0.03,0.23,0.12
"YBR100W",0.03,0.3,0.1
"YBR101C",0.03,0.25,0.1
"YBR102C",0.03,0.33,0.08
"YBR103W",0.07,0.31,0.22
"YBR104W",0.01,0.26,0.05
"YBR105C",0.06,0.37,0.15
"YBR106W",0.01,0.14,0.05
"YBR107C",0.06,0.29,0.22
"YBR109C",,0.19,
"YBR110W",0.03,0.34,0.08
"YBR111C",0.02,0.34,0.07
"YBR112C",0.05,0.32,0.15
"YBR114W",0.02,0.29,0.07
"YBR115C",,,
"YBR117C",0.01,0.35,0.02
"YBR120C",0.04,0.24,0.18
"YBR121C",0.01,0.22,0.05
"YBR123C",0.04,0.3,0.12
"YBR125C",0.02,0.23,0.06
"YBR126C",0,0.27,0.02
"YBR127C",0,0.15,0.02
"YBR128C",0.05,0.28,0.19
"YBR130C",0.04,0.25,0.16
"YBR131W",,,
"YBR132C",0.02,0.28,0.06
"YBR133C",0.04,0.29,0.13
"YBR135W",,0.32,
"YBR137W",0.03,0.26,0.12
"YBR138C",0.06,0.28,0.22
"YBR141C",0.06,0.34,0.17
"YBR142W",,,
"YBR143C",0,0.3,0.01
"YBR145W",0.03,0.37,0.08
"YBR146W",0.03,0.24,0.11
"YBR147W",0.05,0.24,0.19
"YBR148W",0.11,0.33,0.33
"YBR149W",0.02,0.25,0.06
"YBR151W",,,
"YBR152W",,,
"YBR153W",,,
"YBR154C",0,0.19,0.02
"YBR155W",0.04,0.29,0.15
"YBR156C",0.07,0.33,0.21
"YBR159W",0.03,0.34,0.09
"YBR160W",0,0.29,0.01
"YBR161W",,,
"YBR162C",0.01,0.29,0.05
"YBR163W",0.07,0.35,0.2
"YBR164C",,0.25,
"YBR165W",0.07,0.28,0.24
"YBR167C",0.08,0.36,0.23
"YBR168W",0.08,0.33,0.26
"YBR169C",0.03,0.41,0.07
"YBR170C",0.04,0.32,0.13
"YBR171W",0.02,0.36,0.05
"YBR173C",0.03,0.22,0.14
"YBR175W",,,
"YBR176W",0.03,0.37,0.09
"YBR177C",0.04,0.24,0.16
"YBR179C",0.04,0.31,0.12
"YBR180W",0.05,0.36,0.14
"YBR182C",0.11,0.32,0.34
"YBR183W",0.02,0.32,0.07
"YBR185C",0.03,0.27,0.09
"YBR187W",,,
"YBR188C",0.22,0.47,0.47
"YBR192W",0.01,0.29,0.04
"YBR193C",0.04,0.28,0.12
"YBR194W",0.17,0.39,0.42
"YBR195C",0.03,0.33,0.09
"YBR196C",0,0.19,0
"YBR197C",0.11,0.3,0.35
"YBR198C",0.02,0.28,0.09
"YBR199W",0.07,0.3,0.24
"YBR200W",,,
"YBR201W",0.05,0.37,0.13
"YBR202W",0.02,0.26,0.08
"YBR203W",0.05,0.31,0.16
"YBR204C",0.07,0.29,0.24
"YBR205W",0.04,0.31,0.13
"YBR207W",0.04,0.29,0.13
"YBR210W",0.04,0.39,0.1
"YBR211C",,,
"YBR212W",0.05,0.32,0.17
"YBR213W",0.04,0.28,0.15
"YBR214W",0.01,0.31,0.04
"YBR216C",0.06,0.29,0.22
"YBR217W",0.05,0.42,0.12
"YBR218C",0.01,0.25,0.02
"YBR220C",0.03,0.34,0.07
"YBR221C",0.01,0.24,0.04
"YBR222C",0.01,0.33,0.03
"YBR223C",0.1,0.37,0.27
"YBR225W",0.04,0.31,0.14
"YBR228W",0.06,0.28,0.22
"YBR229C",,,
"YBR233W",,,
"YBR234C",0.02,0.3,0.07
"YBR235W",0.03,0.31,0.08
"YBR237W",0.06,0.29,0.21
"YBR238C",0.01,0.26,0.05
"YBR239C",0.03,0.32,0.09
"YBR240C",0.03,0.3,0.11
"YBR241C",0.03,0.32,0.08
"YBR242W",0.04,0.3,0.14
"YBR243C",0.01,0.32,0.03
"YBR244W",0.03,0.3,0.1
"YBR246W",,,
"YBR247C",0.02,0.27,0.07
"YBR248C",0.02,0.3,0.08
"YBR249C",0.01,0.16,0.04
"YBR250W",0.06,0.35,0.16
"YBR251W",0.02,0.31,0.05
"YBR252W",,,
"YBR253W",0.03,0.32,0.1
"YBR254C",0.02,0.41,0.05
"YBR255W",0.05,0.31,0.15
"YBR256C",0.03,0.41,0.07
"YBR257W",0.05,0.27,0.2
"YBR258C",0.1,0.31,0.31
"YBR259W",0.12,0.31,0.37
"YBR260C",0.02,0.34,0.07
"YBR261C",0.02,0.38,0.06
"YBR262C",0.06,0.24,0.25
"YBR265W",0.01,0.28,0.05
"YBR267W",0.04,0.28,0.13
"YBR268W",,,
"YBR270C",0.03,0.31,0.1
"YBR271W",0.09,0.26,0.34
"YBR273C",0.06,0.31,0.19
"YBR274W",0.04,0.24,0.17
"YBR276C",0.08,0.33,0.24
"YBR278W",0.09,0.38,0.25
"YBR279W",0.06,0.39,0.16
"YBR281C",0.02,0.33,0.07
"YBR282W",0.02,0.43,0.06
"YBR283C",0.02,0.33,0.06
"YBR284W",0.09,0.38,0.24
"YBR285W",0.08,0.19,0.41
"YBR287W",0.02,0.34,0.05
"YBR288C",0.04,0.25,0.15
"YBR290W",0.03,0.28,0.1
"YBR291C",0.02,0.32,0.06
"YBR293W",0.04,0.28,0.13
"YBR295W",0.12,0.36,0.34
"YBR296C",0.01,0.35,0.02
"YBR298C",0.03,0.34,0.1
"YBR299W",0.04,0.41,0.09
"YBR301W",,,
"YCL001W",0.02,0.27,0.07
"YCL008C",,,
"YCL009C",,,
"YCL010C",0.03,0.25,0.11
"YCL011C",0.03,0.23,0.11
"YCL016C",0.03,0.29,0.11
"YCL017C",,,
"YCL025C",0.02,0.25,0.08
"YCL027W",0.07,0.31,0.24
"YCL028W",0.02,0.23,0.1
"YCL029C",0.02,0.23,0.1
"YCL030C",0.02,0.25,0.07
"YCL031C",0.03,0.24,0.13
"YCL032W",0.04,0.21,0.18
"YCL033C",,,
"YCL034W",0.02,0.33,0.07
"YCL035C",0.02,0.27,0.09
"YCL036W",0.04,0.29,0.14
"YCL038C",0.02,0.29,0.08
"YCL039W",0.03,0.35,0.08
"YCL040W",0.01,0.32,0.02
"YCL043C",0.02,0.24,0.09
"YCL044C",0.02,0.28,0.06
"YCL045C",0.06,0.29,0.21
"YCL047C",,,
"YCL048W",0.04,0.28,0.15
"YCL049C",,,
"YCL050C",0.01,0.2,0.07
"YCL052C",,,
"YCL054W",0.02,0.25,0.06
"YCL055W",0.01,0.32,0.05
"YCL056C",0.06,0.34,0.17
"YCL057W",0.03,0.32,0.11
"YCL059C",0.01,0.24,0.03
"YCL061C",0.09,0.35,0.26
"YCL063W",0.04,0.25,0.17
"YCL064C",0.04,0.33,0.11
"YCL066W",,,
"YCL067C",,0.02,
"YCL069W",,,
"YCL073C",0.09,0.38,0.23
"YCR002C",0.01,0.22,0.05
"YCR003W",0.08,0.2,0.37
"YCR004C",0.01,0.3,0.04
"YCR005C",0.02,0.29,0.06
"YCR007C",0.14,0.27,0.51
"YCR008W",0.03,0.26,0.1
"YCR009C",0,0.21,0.01
"YCR010C",0,0.36,0
"YCR011C",0.02,0.26,0.07
"YCR012W",0.01,0.05,0.12
"YCR014C",0.09,0.29,0.32
"YCR016W",0.09,0.37,0.25
"YCR017C",0.03,0.31,0.1
"YCR019W",0.07,0.39,0.17
"YCR020C",0.02,0.36,0.06
"YCR021C",0.04,0.27,0.13
"YCR023C",0.04,0.27,0.14
"YCR024C",0.06,0.31,0.18
"YCR026C",0.07,0.34,0.2
"YCR027C",0.04,0.36,0.11
"YCR028C",0.03,0.36,0.08
"YCR030C",0.04,0.29,0.13
"YCR033W",0.09,0.28,0.31
"YCR034W",0.01,0.15,0.1
"YCR035C",0.05,0.28,0.18
"YCR037C",0.02,0.35,0.05
"YCR038C",,,
"YCR039C",,,
"YCR040W",0.06,0.24,0.23
"YCR043C",0.01,0.31,0.04
"YCR045C",,,
"YCR046C",0.04,0.3,0.12
"YCR047C",,,
"YCR048W",0.03,0.35,0.09
"YCR051W",0.04,0.28,0.14
"YCR052W",0.06,0.31,0.19
"YCR053W",0.01,0.28,0.03
"YCR054C",0.05,0.34,0.16
"YCR057C",0.02,0.26,0.06
"YCR059C",0.01,0.34,0.04
"YCR060W",0.07,0.34,0.19
"YCR063W",,,
"YCR066W",0.09,0.28,0.32
"YCR067C",0.17,0.44,0.38
"YCR069W",0.06,0.35,0.18
"YCR072C",0.01,0.25,0.04
"YCR075C",,,
"YCR076C",0.09,0.31,0.29
"YCR077C",0.02,0.29,0.08
"YCR081W",0.04,0.31,0.13
"YCR082W",0.04,0.25,0.17
"YCR083W",0.03,0.25,0.14
"YCR084C",0.01,0.23,0.05
"YCR086W",0.03,0.22,0.13
"YCR088W",0.04,0.28,0.15
"YCR089W",0.2,0.38,0.53
"YCR090C",0.05,0.34,0.15
"YCR094W",0.03,0.28,0.12
"YCR095C",0.03,0.29,0.11
"YCR096C",,,
"YCR098C",0.02,0.27,0.07
"YCR104W",0.03,0.32,0.1
"YCR105W",0.06,0.42,0.13
"YDL001W",,,
"YDL002C",0.02,0.27,0.08
"YDL003W",0.08,0.34,0.23
"YDL004W",0.02,0.32,0.07
"YDL005C",0.1,0.35,0.28
"YDL006W",0.01,0.26,0.05
"YDL007W",,0.19,
"YDL008W",0.04,0.28,0.13
"YDL010W",0.04,0.18,0.22
"YDL013W",0.04,0.26,0.14
"YDL014W",0,0.16,0.02
"YDL015C",0.02,0.19,0.11
"YDL017W",0.01,0.31,0.04
"YDL018C",0.03,0.26,0.12
"YDL020C",0.06,0.29,0.2
"YDL021W",0.02,0.32,0.07
"YDL022W",0,0.24,0.01
"YDL024C",0.07,0.38,0.18
"YDL025C",0.03,0.32,0.09
"YDL028C",0.03,0.29,0.11
"YDL030W",0.06,0.32,0.2
"YDL031W",0.03,0.29,0.1
"YDL036C",0.08,0.32,0.24
"YDL040C",0.04,0.31,0.14
"YDL043C",0.08,0.46,0.17
"YDL044C",0.09,0.27,0.34
"YDL045C",0.02,0.31,0.05
"YDL046W",0.03,0.27,0.13
"YDL047W",0,0.31,0.01
"YDL048C",0.03,0.36,0.09
"YDL049C",0.05,0.35,0.14
"YDL051W",0.01,0.21,0.07
"YDL052C",0.02,0.18,0.14
"YDL053C",0.06,0.32,0.17
"YDL054C",0.04,0.32,0.11
"YDL055C",0,0.17,0
"YDL056W",0.04,0.34,0.11
"YDL057W",0.08,0.32,0.25
"YDL059C",0.05,0.25,0.21
"YDL060W",0.03,0.37,0.08
"YDL061C",,0.05,
"YDL063C",0.05,0.3,0.16
"YDL066W",,,
"YDL067C",0.01,0.12,0.07
"YDL070W",0.05,0.18,0.27
"YDL072C",0.02,0.28,0.08
"YDL073W",,,
"YDL074C",,,
"YDL081C",0,0.09,0.04
"YDL084W",0,0.2,0.01
"YDL085W",0.02,0.31,0.08
"YDL086W",0.01,0.28,0.04
"YDL087C",0.03,0.28,0.11
"YDL088C",0.09,0.33,0.26
"YDL091C",0.05,0.32,0.15
"YDL092W",,,
"YDL098C",0.07,0.53,0.14
"YDL099W",0.14,0.31,0.45
"YDL100C",0.01,0.24,0.03
"YDL101C",0.03,0.28,0.1
"YDL102W",0.01,0.32,0.04
"YDL103C",0.04,0.29,0.15
"YDL105W",0.06,0.25,0.23
"YDL106C",0.03,0.26,0.11
"YDL109C",0.08,0.32,0.24
"YDL110C",0.02,0.18,0.14
"YDL111C",0.02,0.31,0.06
"YDL112W",0.07,0.31,0.21
"YDL113C",0.03,0.27,0.12
"YDL114W",,,
"YDL115C",0.05,0.23,0.2
"YDL116W",0.05,0.32,0.15
"YDL117W",,,
"YDL119C",0.03,0.28,0.12
"YDL120W",0.05,0.18,0.28
"YDL121C",0.05,0.31,0.17
"YDL122W",0.05,0.28,0.17
"YDL123W",0.05,0.32,0.15
"YDL124W",0.04,0.35,0.1
"YDL126C",0,0.29,0.01
"YDL128W",0.01,0.29,0.04
"YDL129W",,,
"YDL131W",,,
"YDL132W",0.01,0.3,0.04
"YDL133W",0.04,0.32,0.12
"YDL134C",0.01,0.3,0.04
"YDL135C",0.01,0.25,0.03
"YDL137W",0,0.2,0.02
"YDL142C",,,
"YDL143W",0.01,0.26,0.02
"YDL145C",0.01,0.24,0.05
"YDL146W",0.04,0.28,0.13
"YDL147W",0.02,0.3,0.05
"YDL148C",0.04,0.31,0.12
"YDL149W",0.05,0.33,0.15
"YDL150W",0.04,0.3,0.14
"YDL153C",0.04,0.31,0.14
"YDL154W",0.08,0.35,0.23
"YDL155W",0.05,0.28,0.18
"YDL156W",,,
"YDL157C",0.03,0.2,0.15
"YDL159W",,,
"YDL160C",0.01,0.29,0.02
"YDL161W",0.04,0.34,0.11
"YDL164C",0.03,0.3,0.1
"YDL165W",0.01,0.35,0.02
"YDL166C",0.02,0.4,0.05
"YDL167C",0.06,0.26,0.22
"YDL169C",0.09,0.29,0.3
"YDL170W",0.02,0.26,0.09
"YDL203C",0.06,0.38,0.15
"YDL204W",0.06,0.29,0.21
"YDL205C",0.01,0.32,0.02
"YDL206W",,,
"YDL207W",0.04,0.29,0.15
"YDL208W",0.01,0.31,0.05
"YDL209C",0.07,0.34,0.2
"YDL210W",0.02,0.25,0.06
"YDL211C",0.11,0.31,0.36
"YDL212W",0.04,0.32,0.11
"YDL213C",0.01,0.32,0.04
"YDL214C",0.09,0.29,0.32
"YDL215C",,,
"YDL216C",0.08,0.33,0.26
"YDL217C",0.02,0.47,0.04
"YDL218W",,,
"YDL222C",0.02,0.31,0.07
"YDL223C",0.14,0.48,0.3
"YDL224C",0.05,0.25,0.19
"YDL226C",0.03,0.32,0.11
"YDL227C",0.02,0.32,0.06
"YDL229W",0,0.09,0.01
"YDL230W",0.02,0.36,0.06
"YDL231C",0.03,0.3,0.1
"YDL232W",,,
"YDL233W",0.04,0.29,0.13
"YDL234C",0.03,0.29,0.1
"YDL235C",0.01,0.24,0.03
"YDL237W",0.05,0.29,0.19
"YDL238C",0.05,0.3,0.18
"YDL239C",0.09,0.3,0.31
"YDL240W",0.03,0.3,0.1
"YDL241W",0.17,0.52,0.33
"YDR001C",,,
"YDR002W",0.01,0.2,0.04
"YDR003W",0.04,0.26,0.14
"YDR006C",0.03,0.21,0.12
"YDR007W",,,
"YDR009W",0.03,0.32,0.1
"YDR011W",0.02,0.29,0.06
"YDR012W",0,0.09,0.05
"YDR013W",0.01,0.27,0.05
"YDR014W",0.12,0.31,0.39
"YDR016C",0.03,0.37,0.07
"YDR017C",0.05,0.25,0.21
"YDR019C",0.03,0.31,0.11
"YDR020C",0.01,0.32,0.02
"YDR021W",0.02,0.25,0.06
"YDR022C",0.08,0.23,0.34
"YDR028C",0.05,0.31,0.16
"YDR030C",0.07,0.36,0.2
"YDR032C",,0.26,
"YDR033W",0.01,0.14,0.05
"YDR035W",0,0.11,0.02
"YDR036C",,,
"YDR037W",0,0.01,0.19
"YDR038C",0.01,0.05,0.11
"YDR042C",0.15,0.29,0.53
"YDR043C",0.04,0.29,0.14
"YDR044W",0,0.25,0.02
"YDR045C",,0.15,
"YDR046C",0.02,0.33,0.05
"YDR047W",0.02,0.29,0.05
"YDR050C",0,0.06,0.07
"YDR051C",,,
"YDR052C",0.05,0.26,0.18
"YDR054C",0,0.19,0.02
"YDR055W",0.03,0.3,0.11
"YDR056C",0.06,0.31,0.18
"YDR057W",0.09,0.28,0.33
"YDR058C",0.02,0.39,0.04
"YDR060W",0.04,0.33,0.12
"YDR061W",0.04,0.28,0.16
"YDR062W",0.01,0.26,0.04
"YDR063W",0.02,0.3,0.07
"YDR065W",0.1,0.34,0.29
"YDR067C",0.03,0.39,0.08
"YDR068W",0.1,0.33,0.3
"YDR069C",0.04,0.27,0.15
"YDR070C",0.07,0.28,0.25
"YDR071C",0.01,0.28,0.03
"YDR072C",0.04,0.27,0.13
"YDR073W",0.04,0.22,0.17
"YDR074W",0.01,0.32,0.03
"YDR075W",0,0.29,0.01
"YDR076W",0.06,0.28,0.2
"YDR077W",,,
"YDR078C",,,
"YDR079W",0,0.17,0.02
"YDR080W",0.06,0.26,0.22
"YDR081C",0.05,0.32,0.15
"YDR082W",0.11,0.35,0.32
"YDR084C",0.02,0.38,0.04
"YDR086C",0.01,0.13,0.1
"YDR087C",0.05,0.23,0.21
"YDR088C",,,
"YDR089W",0.05,0.32,0.15
"YDR090C",,,
"YDR091C",,,
"YDR093W",0.02,0.3,0.08
"YDR096W",,,
"YDR097C",,,
"YDR099W",0,0.23,0.01
"YDR100W",0.02,0.22,0.1
"YDR101C",0.02,0.28,0.08
"YDR103W",,,
"YDR104C",0.07,0.32,0.22
"YDR105C",0.01,0.32,0.04
"YDR106W",0.11,0.31,0.36
"YDR107C",0.05,0.31,0.16
"YDR108W",,,
"YDR110W",0.04,0.34,0.12
"YDR111C",0.03,0.36,0.08
"YDR115W",,,
"YDR116C",0.02,0.35,0.07
"YDR117C",0.07,0.3,0.24
"YDR118W",0.09,0.29,0.29
"YDR120C",0.02,0.35,0.06
"YDR122W",0.04,0.32,0.13
"YDR123C",0.08,0.29,0.26
"YDR126W",0.05,0.34,0.13
"YDR130C",0.06,0.36,0.15
"YDR131C",0.07,0.4,0.17
"YDR132C",0.06,0.3,0.21
"YDR134C",,,
"YDR137W",0.06,0.3,0.21
"YDR138W",0.1,0.33,0.3
"YDR140W",,,
"YDR142C",0.03,0.33,0.09
"YDR143C",0.09,0.28,0.32
"YDR144C",0.08,0.31,0.24
"YDR145W",0.04,0.34,0.12
"YDR147W",0.09,0.27,0.35
"YDR148C",0.04,0.34,0.12
"YDR151C",0.08,0.35,0.22
"YDR153C",,,
"YDR155C",,0.16,
"YDR156W",0.04,0.27,0.15
"YDR158W",0.01,0.31,0.03
"YDR161W",0.03,0.34,0.1
"YDR162C",0.07,0.33,0.22
"YDR163W",0.19,0.19,1
"YDR164C",,,
"YDR165W",0.08,0.33,0.25
"YDR167W",0.03,0.3,0.11
"YDR168W",0.04,0.3,0.12
"YDR169C",0.04,0.33,0.12
"YDR172W",0.02,0.25,0.08
"YDR173C",0.06,0.3,0.21
"YDR174W",0,0.21,0.01
"YDR175C",0.06,0.34,0.18
"YDR176W",0.04,0.27,0.16
"YDR177W",0.01,0.28,0.02
"YDR178W",0.05,0.24,0.19
"YDR179C",0.09,0.22,0.38
"YDR180W",0.06,0.32,0.2
"YDR181C",,,
"YDR182W",0.07,0.29,0.25
"YDR183W",0.08,0.32,0.24
"YDR184C",0.04,0.25,0.16
"YDR185C",0.03,0.24,0.12
"YDR186C",0.04,0.3,0.12
"YDR188W",0.01,0.35,0.03
"YDR189W",0.01,0.35,0.04
"YDR190C",0.01,0.26,0.03
"YDR191W",0.03,0.3,0.09
"YDR192C",,,
"YDR194C",0.04,0.31,0.12
"YDR195W",0.04,0.24,0.17
"YDR197W",0.08,0.33,0.23
"YDR198C",0.09,0.26,0.36
"YDR200C",0.07,0.28,0.23
"YDR201W",0.05,0.28,0.18
"YDR202C",0.03,0.35,0.07
"YDR206W",0.09,0.32,0.28
"YDR207C",0.05,0.24,0.22
"YDR208W",0.03,0.28,0.1
"YDR210W",0.03,0.39,0.07
"YDR211W",0.02,0.28,0.08
"YDR212W",0.01,0.23,0.02
"YDR213W",0.03,0.31,0.09
"YDR214W",0.04,0.36,0.12
"YDR216W",0.05,0.34,0.16
"YDR219C",0.08,0.29,0.28
"YDR221W",,,
"YDR222W",0.03,0.32,0.09
"YDR224C",,0.14,
"YDR225W",,,
"YDR226W",0.01,0.25,0.05
"YDR228C",0.04,0.3,0.12
"YDR229W",0.04,0.34,0.11
"YDR231C",0.03,0.27,0.11
"YDR232W",0.02,0.29,0.06
"YDR233C",0.02,0.22,0.11
"YDR234W",0.02,0.27,0.07
"YDR235W",0.03,0.31,0.09
"YDR236C",0.07,0.27,0.24
"YDR237W",0.02,0.3,0.08
"YDR239C",0.1,0.3,0.34
"YDR240C",0.09,0.28,0.3
"YDR242W",,,
"YDR243C",0.07,0.4,0.19
"YDR245W",,,
"YDR251W",,,
"YDR252W",,,
"YDR253C",,,
"YDR255C",,,
"YDR256C",,,
"YDR257C",,,
"YDR259C",0.07,0.31,0.21
"YDR260C",0.05,0.16,0.29
"YDR261C",0.05,0.31,0.16
"YDR264C",,,
"YDR265W",0.09,0.25,0.38
"YDR266C",0.04,0.27,0.14
"YDR267C",0.02,0.29,0.05
"YDR268W",0.04,0.27,0.13
"YDR270W",0.06,0.32,0.18
"YDR272W",0.04,0.29,0.14
"YDR273W",0.16,0.37,0.44
"YDR275W",,,
"YDR276C",,0.2,
"YDR277C",0.01,0.3,0.04
"YDR279W",0.1,0.31,0.33
"YDR280W",,,
"YDR281C",0.1,0.31,0.33
"YDR282C",,,
"YDR284C",0.04,0.28,0.14
"YDR285W",0.08,0.33,0.25
"YDR286C",0.05,0.2,0.22
"YDR287W",0.05,0.27,0.18
"YDR288W",0.09,0.23,0.38
"YDR289C",,,
"YDR291W",0.04,0.3,0.12
"YDR292C",0.04,0.28,0.13
"YDR293C",0.02,0.34,0.05
"YDR294C",0.03,0.3,0.12
"YDR295C",0.07,0.34,0.2
"YDR296W",0.04,0.37,0.1
"YDR297W",0.02,0.31,0.05
"YDR298C",0.02,0.22,0.08
"YDR299W",0.05,0.3,0.17
"YDR300C",0.03,0.32,0.08
"YDR301W",0.02,0.31,0.07
"YDR302W",,,
"YDR303C",,,
"YDR304C",,,
"YDR306C",0.04,0.23,0.19
"YDR308C",0.01,0.24,0.05
"YDR309C",0.05,0.29,0.18
"YDR310C",0.06,0.31,0.19
"YDR311W",0.02,0.34,0.05
"YDR312W",0.05,0.32,0.17
"YDR313C",0.06,0.3,0.2
"YDR314C",0.09,0.32,0.29
"YDR315C",0.09,0.3,0.29
"YDR316W",,,
"YDR317W",0.08,0.32,0.26
"YDR318W",0.04,0.35,0.11
"YDR319C",0.04,0.28,0.14
"YDR320C",0.12,0.33,0.35
"YDR321W",0.02,0.27,0.07
"YDR322W",,,
"YDR326C",0.04,0.32,0.12
"YDR328C",0.01,0.28,0.03
"YDR329C",0.04,0.37,0.12
"YDR331W",0.04,0.31,0.12
"YDR332W",0.05,0.27,0.19
"YDR333C",,,
"YDR336W",0.11,0.23,0.45
"YDR337W",0.03,0.28,0.1
"YDR338C",0.02,0.28,0.07
"YDR339C",0.02,0.41,0.04
"YDR341C",0.01,0.3,0.03
"YDR342C",0.03,0.28,0.1
"YDR346C",0.02,0.28,0.06
"YDR347W",0.03,0.35,0.1
"YDR351W",0.07,0.31,0.21
"YDR352W",0.04,0.27,0.15
"YDR353W",0.01,0.22,0.05
"YDR354W",0.05,0.3,0.15
"YDR356W",0.07,0.3,0.22
"YDR358W",,,
"YDR361C",0.03,0.23,0.13
"YDR362C",0.06,0.32,0.19
"YDR363W",,,
"YDR364C",0.05,0.32,0.16
"YDR365C",0.05,0.28,0.16
"YDR368W",0.02,0.4,0.06
"YDR369C",0.17,0.31,0.56
"YDR370C",,,
"YDR371W",,,
"YDR372C",0.01,0.21,0.06
"YDR373W",0.01,0.33,0.03
"YDR374C",0.07,0.32,0.21
"YDR375C",0.02,0.34,0.05
"YDR377W",0.02,0.29,0.06
"YDR379W",0.07,0.32,0.21
"YDR380W",0.05,0.29,0.16
"YDR382W",0.01,0.04,0.35
"YDR384C",0.01,0.36,0.04
"YDR385W",0,0.09,0.02
"YDR386W",0.06,0.33,0.17
"YDR387C",0.04,0.29,0.12
"YDR388W",0.02,0.29,0.05
"YDR389W",0.03,0.26,0.1
"YDR390C",0.07,0.29,0.24
"YDR391C",0.07,0.38,0.2
"YDR392W",0,0.34,0.01
"YDR393W",0.07,0.21,0.34
"YDR394W",0.01,0.19,0.04
"YDR395W",0.02,0.28,0.06
"YDR398W",0.03,0.29,0.11
"YDR399W",0.01,0.28,0.04
"YDR402C",0.04,0.38,0.12
"YDR403W",0.03,0.27,0.12
"YDR404C",,0.23,
"YDR405W",0.05,0.32,0.14
"YDR407C",,,
"YDR408C",0.02,0.29,0.08
"YDR409W",0.08,0.34,0.25
"YDR411C",0.06,0.34,0.18
"YDR412W",0.03,0.26,0.12
"YDR414C",0.07,0.33,0.22
"YDR415C",0.06,0.39,0.14
"YDR418W",,0.11,
"YDR421W",0.06,0.31,0.2
"YDR425W",0.04,0.31,0.14
"YDR427W",0.02,0.26,0.07
"YDR428C",0.06,0.23,0.27
"YDR429C",0.02,0.15,0.12
"YDR430C",0.04,0.33,0.12
"YDR432W",0.02,0.21,0.08
"YDR434W",0.02,0.32,0.06
"YDR435C",,,
"YDR436W",0.03,0.3,0.1
"YDR437W",0.04,0.32,0.11
"YDR438W",0.08,0.26,0.31
"YDR439W",,,
"YDR440W",0.08,0.3,0.26
"YDR441C",0.06,0.34,0.17
"YDR443C",0.03,0.33,0.09
"YDR446W",0.08,0.26,0.31
"YDR448W",0.02,0.34,0.06
"YDR449C",0.03,0.26,0.13
"YDR451C",,,
"YDR452W",0.05,0.27,0.19
"YDR453C",0.04,0.35,0.11
"YDR454C",0.02,0.36,0.05
"YDR456W",0.02,0.3,0.06
"YDR458C",0.12,0.32,0.36
"YDR459C",0.07,0.27,0.25
"YDR460W",0.01,0.31,0.02
"YDR461W",0.05,0.16,0.3
"YDR462W",0.03,0.37,0.07
"YDR464W",0.08,0.34,0.24
"YDR465C",0.04,0.28,0.15
"YDR466W",0.07,0.26,0.26
"YDR468C",0.03,0.32,0.09
"YDR469W",0.13,0.16,0.83
"YDR470C",0.05,0.28,0.17
"YDR472W",0.04,0.39,0.11
"YDR473C",0.08,0.29,0.26
"YDR474C",0.07,0.28,0.27
"YDR476C",0.02,0.23,0.1
"YDR477W",0.01,0.27,0.05
"YDR478W",0.1,0.35,0.29
"YDR479C",0.04,0.31,0.13
"YDR480W",0.1,0.25,0.4
"YDR481C",0.04,0.31,0.12
"YDR482C",0.05,0.11,0.47
"YDR483W",0.05,0.28,0.19
"YDR484W",0.04,0.35,0.11
"YDR487C",0.02,0.28,0.07
"YDR488C",0.1,0.37,0.26
"YDR489W",0.03,0.31,0.1
"YDR490C",,,
"YDR492W",0.02,0.24,0.07
"YDR493W",0.05,0.21,0.24
"YDR495C",,,
"YDR496C",0.03,0.27,0.12
"YDR497C",0.02,0.32,0.06
"YDR498C",0.07,0.3,0.22
"YDR499W",0.05,0.29,0.16
"YDR501W",,,
"YDR502C",0,0.21,0.02
"YDR503C",0.03,0.35,0.09
"YDR505C",0.05,0.32,0.15
"YDR506C",0.11,0.26,0.42
"YDR507C",0.03,0.32,0.1
"YDR508C",0.02,0.32,0.06
"YDR510W",,0.3,
"YDR511W",0.04,0.37,0.11
"YDR513W",0.01,0.33,0.02
"YDR514C",0.05,0.28,0.16
"YDR515W",0.11,0.28,0.38
"YDR516C",0.01,0.25,0.02
"YDR517W",0.04,0.41,0.09
"YDR518W",0.04,0.3,0.12
"YDR519W",0.04,0.32,0.13
"YDR520C",0.07,0.31,0.22
"YDR524C",0.05,0.25,0.22
"YDR527W",0.07,0.38,0.18
"YDR528W",0.06,0.29,0.22
"YDR529C",0.02,0.29,0.07
"YDR530C",0.07,0.31,0.23
"YDR531W",,,
"YDR532C",0.06,0.36,0.18
"YDR533C",0.04,0.36,0.1
"YDR534C",0.2,0.62,0.32
"YDR536W",0.02,0.34,0.05
"YDR538W",0.05,0.23,0.2
"YDR539W",0.02,0.28,0.07
"YDR540C",,,
"YDR541C",,,
"YEL001C",0.05,0.28,0.19
"YEL002C",0.03,0.27,0.12
"YEL004W",0.08,0.27,0.28
"YEL005C",,,
"YEL006W",0.02,0.26,0.08
"YEL007W",,,
"YEL009C",0.04,0.26,0.14
"YEL011W",0.01,0.33,0.02
"YEL013W",0.01,0.23,0.03
"YEL015W",0.02,0.28,0.08
"YEL016C",0.09,0.24,0.39
"YEL017W",0.03,0.24,0.13
"YEL018W",0.05,0.26,0.21
"YEL019C",0.07,0.28,0.26
"YEL020C",,,
"YEL021W",0,0.29,0.01
"YEL023C",0.05,0.28,0.17
"YEL024W",0,0.21,0.02
"YEL025C",0.14,0.3,0.47
"YEL026W",,0.08,
"YEL027W",,0.05,
"YEL029C",0.03,0.21,0.13
"YEL030W",0.04,0.33,0.13
"YEL031W",0.01,0.23,0.05
"YEL032W",0.01,0.31,0.04
"YEL034W",0.01,0.07,0.08
"YEL036C",0.01,0.26,0.04
"YEL037C",0.02,0.28,0.09
"YEL038W",,,
"YEL039C",0.01,0.4,0.02
"YEL040W",0.05,0.33,0.15
"YEL041W",0.06,0.28,0.21
"YEL043W",0.04,0.35,0.12
"YEL044W",0.03,0.49,0.06
"YEL046C",0.01,0.25,0.04
"YEL047C",0.02,0.33,0.07
"YEL048C",0.06,0.25,0.25
"YEL049W",0.02,0.24,0.09
"YEL050C",0.03,0.2,0.14
"YEL051W",0.01,0.13,0.05
"YEL052W",0.02,0.28,0.09
"YEL053C",0.05,0.3,0.18
"YEL054C",,0.1,
"YEL055C",0.06,0.29,0.22
"YEL056W",0.03,0.28,0.12
"YEL057C",0.08,0.29,0.27
"YEL058W",0.04,0.37,0.11
"YEL060C",0.05,0.3,0.17
"YEL063C",,,
"YEL064C",0.05,0.37,0.12
"YEL065W",0.02,0.34,0.07
"YEL068C",0.18,0.68,0.26
"YEL070W",,,
"YEL071W",0.02,0.25,0.07
"YEL072W",0.06,0.21,0.29
"YEL073C",0.02,0.03,0.64
"YER001W",0.07,0.33,0.21
"YER002W",0.05,0.26,0.21
"YER004W",0.04,0.32,0.14
"YER005W",0.04,0.25,0.17
"YER008C",,,
"YER009W",,0.2,
"YER010C",0.04,0.39,0.11
"YER011W",0.1,0.37,0.27
"YER012W",0.01,0.24,0.04
"YER013W",0.04,0.27,0.16
"YER014W",0.05,0.37,0.12
"YER015W",0.03,0.34,0.08
"YER016W",0.04,0.28,0.13
"YER017C",0.02,0.34,0.06
"YER018C",0.07,0.23,0.28
"YER020W",0.03,0.33,0.1
"YER021W",0.02,0.24,0.06
"YER022W",0.04,0.25,0.17
"YER023W",0.01,0.24,0.04
"YER024W",,,
"YER025W",0,0.17,0.02
"YER026C",,,
"YER027C",0.02,0.27,0.09
"YER028C",,,
"YER029C",0.03,0.31,0.1
"YER031C",0,0.26,0
"YER033C",0.1,0.38,0.27
"YER034W",0.1,0.42,0.25
"YER035W",0.06,0.43,0.14
"YER036C",0,0.2,0.01
"YER037W",0.03,0.27,0.1
"YER038C",0.09,0.37,0.24
"YER039C",0.03,0.37,0.09
"YER040W",0.02,0.26,0.09
"YER041W",0.1,0.31,0.31
"YER042W",0.02,0.36,0.05
"YER043C",,,
"YER044C",0.01,0.2,0.05
"YER045C",0.14,0.32,0.44
"YER046W",0.03,0.33,0.09
"YER047C",0.07,0.33,0.21
"YER048C",0.01,0.34,0.02
"YER049W",0.02,0.3,0.06
"YER051W",0.09,0.25,0.37
"YER052C",0,0.23,0.02
"YER053C",,,
"YER054C",,,
"YER055C",0.03,0.31,0.08
"YER056C",,,
"YER057C",,,
"YER058W",,,
"YER059W",,,
"YER060W",,,
"YER062C",,,
"YER063W",,,
"YER065C",,,
"YER066W",,,
"YER067W",,,
"YER068W",,,
"YER069W",,,
"YER070W",,,
"YER071C",,,
"YER072W",,,
"YER073W",,,
"YER075C",,,
"YER076C",0.05,0.15,0.33
"YER078C",0.03,0.28,0.1
"YER079W",0.03,0.27,0.13
"YER080W",0.04,0.29,0.14
"YER081W",,,
"YER082C",0.03,0.28,0.1
"YER085C",,,
"YER086W",0.01,0.21,0.03
"YER087W",0.04,0.27,0.15
"YER088C",0.05,0.25,0.21
"YER089C",0.02,0.27,0.06
"YER090W",0.01,0.34,0.04
"YER091C",0.01,0.21,0.04
"YER092W",0.07,0.44,0.15
"YER094C",,,
"YER095W",0.01,0.25,0.03
"YER096W",0.08,0.29,0.26
"YER098W",,,
"YER099C",0.01,0.33,0.02
"YER100W",0.02,0.34,0.05
"YER101C",0.04,0.3,0.13
"YER102W",0.01,0.04,0.15
"YER103W",0.01,0.32,0.04
"YER104W",0.1,0.31,0.31
"YER105C",0.08,0.32,0.26
"YER107C",0.02,0.32,0.05
"YER109C",,,
"YER110C",0.01,0.27,0.03
"YER111C",0.04,0.31,0.13
"YER112W",0.02,0.26,0.09
"YER113C",0.04,0.26,0.15
"YER114C",0.05,0.35,0.15
"YER115C",0.07,0.36,0.18
"YER116C",0.12,0.38,0.32
"YER118C",0.02,0.3,0.07
"YER119C",0.04,0.29,0.12
"YER120W",0.03,0.16,0.2
"YER122C",0.02,0.29,0.08
"YER123W",0.02,0.27,0.07
"YER124C",,,
"YER125W",0,0.25,0.01
"YER126C",0,0.21,0.01
"YER127W",0.04,0.25,0.16
"YER128W",0.06,0.3,0.2
"YER129W",0.06,0.34,0.18
"YER130C",0.06,0.39,0.15
"YER131W",0,0.16,0.02
"YER134C",0.02,0.34,0.07
"YER136W",0,0.27,0
"YER137C",,,
"YER139C",0.02,0.22,0.08
"YER140W",0.05,0.27,0.2
"YER141W",0.03,0.3,0.11
"YER142C",0.06,0.38,0.15
"YER143W",0.04,0.33,0.11
"YER144C",0.07,0.35,0.2
"YER145C",0.01,0.21,0.07
"YER146W",0.02,0.3,0.07
"YER148W",0,0.21,0.02
"YER149C",0.05,0.42,0.11
"YER150W",0.04,0.37,0.11
"YER151C",,,
"YER152C",,,
"YER153C",0.06,0.26,0.22
"YER154W",0.02,0.29,0.06
"YER156C",0.03,0.29,0.09
"YER157W",0.05,0.33,0.16
"YER158C",0.07,0.29,0.24
"YER159C",0.05,0.28,0.16
"YER161C",0.03,0.3,0.09
"YER162C",,,
"YER163C",0.05,0.33,0.15
"YER164W",0.02,0.28,0.08
"YER165W",0,0.14,0.02
"YER166W",0.02,0.27,0.07
"YER167W",0.03,0.27,0.12
"YER168C",,,
"YER169W",,,
"YER171W",0,0.26,0.02
"YER173W",0.08,0.35,0.22
"YER174C",0.05,0.25,0.19
"YER175C",0.06,0.46,0.13
"YER176W",0.06,0.3,0.21
"YER177W",0,0.22,0.01
"YER180C",0.08,0.24,0.35
"YER182W",,,
"YER183C",0.04,0.45,0.09
"YER184C",0.07,0.37,0.19
"YER185W",0.05,0.33,0.15
"YER187W",,,
"YFL001W",0.05,0.28,0.18
"YFL002C",0.04,0.3,0.12
"YFL003C",0.04,0.26,0.17
"YFL004W",0.02,0.23,0.1
"YFL005W",0,0.22,0.01
"YFL006W",0.01,0.39,0.02
"YFL008W",0.03,0.28,0.09
"YFL009W",0.03,0.29,0.12
"YFL010C",0.04,0.3,0.14
"YFL011W",0.03,0.34,0.09
"YFL013C",0.06,0.31,0.19
"YFL014W",0.01,0.15,0.08
"YFL016C",0.02,0.34,0.05
"YFL017C",,,
"YFL018C",0.01,0.31,0.03
"YFL020C",0.03,0.36,0.09
"YFL022C",0.01,0.24,0.05
"YFL023W",0.11,0.38,0.3
"YFL024C",0.03,0.28,0.1
"YFL025C",0.07,0.26,0.25
"YFL026W",,,
"YFL027C",0.06,0.3,0.2
"YFL028C",0.02,0.32,0.05
"YFL030W",0.02,0.32,0.06
"YFL034W",,,
"YFL036W",0.02,0.32,0.07
"YFL037W",,,
"YFL038C",0,0.3,0.01
"YFL040W",,,
"YFL041W",0.03,0.31,0.09
"YFL044C",0.04,0.29,0.15
"YFL045C",0.01,0.27,0.02
"YFL053W",0.01,0.19,0.07
"YFL054C",0.06,0.39,0.16
"YFL055W",0.03,0.32,0.1
"YFL057C",0.06,0.35,0.17
"YFL058W",0,0.25,0.01
"YFL059W",0.03,0.33,0.08
"YFL060C",0.07,0.3,0.23
"YFL061W",0.07,0.34,0.21
"YFR002W",0.03,0.25,0.1
"YFR003C",0.04,0.24,0.17
"YFR004W",0,0.26,0.02
"YFR005C",,,
"YFR006W",0.04,0.23,0.17
"YFR007W",0.07,0.29,0.24
"YFR008W",0.07,0.37,0.18
"YFR009W",0.01,0.26,0.05
"YFR010W",0.02,0.21,0.07
"YFR011C",0.04,0.26,0.14
"YFR013W",0.05,0.29,0.16
"YFR014C",,,
"YFR015C",0.01,0.29,0.02
"YFR016C",0.27,0.38,0.7
"YFR017C",0.04,0.25,0.17
"YFR021W",0.02,0.27,0.06
"YFR022W",0.04,0.26,0.16
"YFR023W",0.02,0.27,0.07
"YFR025C",0.06,0.24,0.24
"YFR026C",0.33,0.41,0.79
"YFR027W",0.04,0.31,0.13
"YFR028C",0.02,0.26,0.06
"YFR029W",0.04,0.29,0.12
"YFR030W",0.03,0.29,0.11
"YFR031C",0.03,0.28,0.1
"YFR032C",0.04,0.4,0.1
"YFR033C",0.06,0.26,0.22
"YFR034C",0.04,0.35,0.11
"YFR036W",0.04,0.36,0.11
"YFR037C",0.02,0.26,0.08
"YFR039C",0.08,0.37,0.22
"YFR040W",0.03,0.3,0.1
"YFR041C",0.08,0.26,0.29
"YFR042W",0.04,0.34,0.12
"YFR043C",,,
"YFR044C",0.01,0.28,0.02
"YFR045W",0.04,0.33,0.11
"YFR046C",,,
"YFR047C",0.02,0.26,0.07
"YFR048W",0.03,0.28,0.12
"YFR049W",0.07,0.33,0.21
"YFR050C",0.01,0.34,0.04
"YFR051C",0.02,0.33,0.06
"YFR052W",0.01,0.26,0.04
"YFR053C",0.01,0.2,0.07
"YGL001C",0.02,0.3,0.06
"YGL002W",0.04,0.27,0.15
"YGL003C",0.02,0.3,0.07
"YGL004C",0.08,0.26,0.33
"YGL005C",0.09,0.34,0.26
"YGL006W",0.05,0.3,0.15
"YGL008C",0.01,0.09,0.07
"YGL009C",,,
"YGL011C",0.01,0.29,0.03
"YGL012W",0.02,0.37,0.06
"YGL014W",,,
"YGL015C",0.13,0.33,0.4
"YGL016W",,,
"YGL017W",0.06,0.33,0.17
"YGL018C",0.03,0.33,0.08
"YGL019W",0,0.24,0.01
"YGL020C",0.06,0.31,0.18
"YGL022W",0.01,0.28,0.03
"YGL023C",0.05,0.35,0.13
"YGL026C",,,
"YGL027C",0.03,0.32,0.1
"YGL028C",0.06,0.41,0.15
"YGL029W",0.03,0.18,0.14
"YGL031C",,0.1,
"YGL032C",0.14,0.37,0.37
"YGL035C",0.04,0.33,0.12
"YGL036W",,,
"YGL037C",0.02,0.28,0.06
"YGL038C",0.07,0.3,0.22
"YGL039W",0.05,0.28,0.19
"YGL040C",0.01,0.27,0.05
"YGL043W",,,
"YGL044C",0.02,0.21,0.07
"YGL047W",0.06,0.32,0.2
"YGL048C",0,0.26,0
"YGL049C",,,
"YGL050W",0.07,0.33,0.21
"YGL054C",0,0.25,0
"YGL055W",0.01,0.15,0.09
"YGL056C",0.02,0.28,0.08
"YGL058W",,,
"YGL061C",0.05,0.27,0.17
"YGL062W",0.01,0.33,0.02
"YGL063W",,,
"YGL064C",0.06,0.34,0.18
"YGL065C",0.05,0.35,0.14
"YGL067W",0.06,0.37,0.15
"YGL068W",0.03,0.23,0.11
"YGL070C",0,0.22,0.02
"YGL071W",0.06,0.36,0.16
"YGL072C",0.16,0.14,1.17
"YGL073W",0.05,0.32,0.16
"YGL075C",0.09,0.31,0.29
"YGL077C",0.02,0.34,0.07
"YGL078C",,,
"YGL080W",0.02,0.32,0.05
"YGL081W",0.14,0.3,0.46
"YGL082W",0.03,0.31,0.09
"YGL083W",0.06,0.38,0.16
"YGL084C",0.03,0.32,0.09
"YGL085W",0.04,0.3,0.13
"YGL089C",0.08,0.28,0.28
"YGL090W",0.13,0.27,0.51
"YGL091C",0.01,0.26,0.03
"YGL093W",0.11,0.35,0.31
"YGL094C",0.02,0.31,0.06
"YGL096W",0.07,0.33,0.22
"YGL097W",,,
"YGL098W",0.06,0.32,0.2
"YGL099W",,,
"YGL100W",0.02,0.3,0.07
"YGL101W",0.04,0.3,0.14
"YGL105W",0.01,0.19,0.07
"YGL106W",0.02,0.32,0.05
"YGL107C",,,
"YGL108C",0.06,0.29,0.22
"YGL110C",0.07,0.33,0.2
"YGL111W",0.09,0.29,0.32
"YGL113W",0.07,0.33,0.19
"YGL114W",0.01,0.31,0.05
"YGL115W",0.01,0.27,0.02
"YGL116W",0.02,0.27,0.06
"YGL117W",0.14,0.3,0.46
"YGL119W",0.04,0.28,0.15
"YGL120C",0.01,0.24,0.03
"YGL121C",0.02,0.22,0.08
"YGL122C",0.04,0.45,0.08
"YGL123W",,0.04,
"YGL125W",0.02,0.35,0.06
"YGL126W",0.04,0.29,0.15
"YGL127C",0.02,0.23,0.09
"YGL130W",0.01,0.25,0.06
"YGL131C",0.1,0.33,0.3
"YGL133W",0.07,0.28,0.24
"YGL134W",,,
"YGL135W",0,0.05,0.04
"YGL138C",,,
"YGL139W",0.02,0.28,0.09
"YGL140C",0.02,0.32,0.07
"YGL141W",0.03,0.34,0.1
"YGL142C",0.08,0.34,0.23
"YGL143C",,,
"YGL144C",0.03,0.33,0.1
"YGL145W",0.07,0.33,0.21
"YGL146C",0.09,0.28,0.32
"YGL147C",0.01,0.1,0.1
"YGL148W",,,
"YGL150C",,,
"YGL151W",0.04,0.31,0.13
"YGL153W",0.06,0.31,0.18
"YGL154C",0.09,0.28,0.32
"YGL155W",,,
"YGL156W",0.02,0.31,0.07
"YGL157W",0.04,0.35,0.13
"YGL158W",0.12,0.34,0.34
"YGL159W",,,
"YGL161C",0.05,0.36,0.15
"YGL162W",0.07,0.36,0.18
"YGL164C",0.05,0.38,0.13
"YGL166W",,,
"YGL167C",0.01,0.29,0.03
"YGL169W",0.05,0.25,0.19
"YGL170C",0.1,0.27,0.36
"YGL171W",0.03,0.25,0.13
"YGL172W",,,
"YGL174W",0.11,0.32,0.33
"YGL175C",0.08,0.24,0.32
"YGL176C",,,
"YGL179C",0.08,0.29,0.29
"YGL180W",0.03,0.3,0.1
"YGL181W",0.04,0.35,0.12
"YGL183C",0.07,0.32,0.21
"YGL184C",0.01,0.3,0.04
"YGL185C",0.07,0.26,0.27
"YGL186C",,,
"YGL187C",0.02,0.15,0.11
"YGL189C",,0.05,
"YGL190C",0,0.17,0.03
"YGL191W",,,
"YGL192W",0.05,0.29,0.19
"YGL194C",0.01,0.29,0.03
"YGL197W",0.03,0.34,0.09
"YGL200C",0.01,0.28,0.02
"YGL201C",0.02,0.28,0.08
"YGL202W",0.02,0.27,0.08
"YGL203C",,,
"YGL205W",0.03,0.37,0.07
"YGL206C",0.01,0.3,0.03
"YGL207W",,,
"YGL208W",0.06,0.31,0.2
"YGL209W",0.02,0.25,0.09
"YGL210W",0.01,0.15,0.06
"YGL213C",0.03,0.23,0.12
"YGL215W",0.05,0.28,0.18
"YGL216W",0.03,0.36,0.09
"YGL219C",0.03,0.3,0.09
"YGL220W",0.07,0.28,0.24
"YGL221C",0.06,0.3,0.19
"YGL222C",0.06,0.21,0.27
"YGL223C",0.09,0.33,0.26
"YGL224C",0.03,0.34,0.08
"YGL225W",0.01,0.22,0.05
"YGL226W",0.05,0.31,0.17
"YGL227W",0.04,0.32,0.11
"YGL228W",0.07,0.31,0.22
"YGL230C",,,
"YGL231C",0.05,0.33,0.16
"YGL233W",0.03,0.27,0.1
"YGL234W",0.01,0.23,0.04
"YGL237C",0.06,0.28,0.2
"YGL238W",0.02,0.24,0.08
"YGL241W",0.07,0.38,0.18
"YGL242C",0.02,0.3,0.06
"YGL244W",0.02,0.26,0.07
"YGL246C",0.04,0.33,0.11
"YGL247W",0.09,0.33,0.28
"YGL248W",0.03,0.28,0.1
"YGL249W",0.14,0.32,0.45
"YGL251C",0.06,0.33,0.2
"YGL252C",0.02,0.22,0.07
"YGL253W",0,0.17,0.01
"YGL254W",0.14,0.41,0.35
"YGL255W",0.05,0.31,0.16
"YGL258W",0.03,0.31,0.11
"YGR002C",0.03,0.32,0.1
"YGR003W",0.08,0.33,0.23
"YGR004W",,,
"YGR005C",0.01,0.3,0.02
"YGR007W",0.04,0.35,0.13
"YGR008C",0.03,0.39,0.07
"YGR009C",0.06,0.29,0.19
"YGR010W",,,
"YGR012W",0.03,0.34,0.09
"YGR013W",0.08,0.25,0.31
"YGR014W",0.13,0.35,0.37
"YGR015C",0.06,0.3,0.19
"YGR016W",0.05,0.21,0.26
"YGR017W",0.03,0.23,0.15
"YGR019W",,,
"YGR020C",0.01,0.22,0.03
"YGR021W",,,
"YGR023W",,,
"YGR024C",0.02,0.24,0.1
"YGR026W",0.03,0.32,0.1
"YGR027C",,,
"YGR028W",0.01,0.29,0.03
"YGR030C",,,
"YGR033C",0.06,0.3,0.2
"YGR035C",0.11,0.28,0.4
"YGR036C",0.04,0.29,0.12
"YGR037C",0,0.18,0.03
"YGR038W",0.01,0.26,0.03
"YGR040W",0,0.35,0.01
"YGR041W",0.14,0.29,0.46
"YGR042W",0.14,0.37,0.37
"YGR043C",0.02,0.36,0.04
"YGR044C",0.13,0.3,0.43
"YGR046W",,,
"YGR047C",0.02,0.32,0.07
"YGR048W",0.02,0.34,0.06
"YGR049W",0.01,0.29,0.05
"YGR052W",0.03,0.38,0.07
"YGR053C",0.1,0.42,0.25
"YGR054W",0.02,0.27,0.08
"YGR055W",0.01,0.3,0.04
"YGR058W",0.03,0.32,0.1
"YGR059W",0.04,0.32,0.12
"YGR060W",0,0.13,0.03
"YGR061C",0.01,0.27,0.05
"YGR062C",0.05,0.34,0.15
"YGR063C",,,
"YGR065C",,,
"YGR066C",0.06,0.39,0.16
"YGR068C",0.04,0.31,0.13
"YGR070W",0.06,0.29,0.21
"YGR071C",0.1,0.34,0.29
"YGR072W",0.08,0.25,0.33
"YGR074W",0.02,0.32,0.05
"YGR075C",0.07,0.26,0.25
"YGR076C",0.02,0.3,0.06
"YGR077C",0.11,0.34,0.31
"YGR078C",0.02,0.35,0.07
"YGR079W",,,
"YGR080W",0.05,0.29,0.18
"YGR081C",0.08,0.26,0.31
"YGR082W",0.01,0.22,0.05
"YGR083C",0.03,0.32,0.09
"YGR085C",,0.22,
"YGR086C",0.01,0.2,0.03
"YGR087C",0.02,0.38,0.04
"YGR089W",0.05,0.29,0.18
"YGR090W",,,
"YGR091W",0.09,0.32,0.28
"YGR092W",,,
"YGR093W",0.07,0.39,0.19
"YGR094W",0.02,0.23,0.07
"YGR096W",0.03,0.28,0.12
"YGR097W",,,
"YGR099W",,,
"YGR100W",0.02,0.32,0.06
"YGR101W",0.04,0.29,0.15
"YGR102C",0.13,0.26,0.49
"YGR103W",0.02,0.26,0.08
"YGR104C",0.07,0.32,0.22
"YGR105W",,,
"YGR106C",,,
"YGR108W",0.03,0.33,0.09
"YGR110W",0.04,0.32,0.13
"YGR111W",,,
"YGR112W",0.07,0.31,0.21
"YGR116W",0.01,0.26,0.05
"YGR117C",0.1,0.3,0.32
"YGR119C",0.04,0.33,0.1
"YGR121C",0.02,0.35,0.06
"YGR122W",0.07,0.36,0.2
"YGR123C",0.03,0.26,0.1
"YGR124W",,,
"YGR125W",0.02,0.3,0.08
"YGR126W",,,
"YGR127W",0.05,0.23,0.22
"YGR128C",0.05,0.33,0.17
"YGR129W",0.07,0.33,0.23
"YGR130C",0.06,0.42,0.15
"YGR131W",0.04,0.26,0.14
"YGR132C",0.01,0.34,0.03
"YGR134W",,,
"YGR135W",,,
"YGR136W",0.04,0.35,0.11
"YGR138C",0.01,0.3,0.02
"YGR141W",,,
"YGR142W",0.12,0.39,0.31
"YGR143W",0.03,0.33,0.09
"YGR144W",,,
"YGR145W",0.02,0.25,0.09
"YGR146C",,,
"YGR147C",0.09,0.27,0.32
"YGR148C",0.01,0.09,0.08
"YGR149W",0.02,0.3,0.06
"YGR150C",0.09,0.29,0.3
"YGR152C",0.03,0.25,0.11
"YGR153W",0.17,0.41,0.41
"YGR154C",0.09,0.27,0.32
"YGR155W",0.02,0.34,0.04
"YGR156W",0.03,0.19,0.15
"YGR157W",0.03,0.3,0.11
"YGR159C",0.01,0.19,0.06
"YGR160W",0.04,0.18,0.2
"YGR161C",0.03,0.27,0.1
"YGR162W",0.04,0.22,0.17
"YGR163W",0.01,0.37,0.02
"YGR165W",0.04,0.24,0.15
"YGR166W",0.07,0.29,0.26
"YGR167W",0.05,0.26,0.2
"YGR168C",,,
"YGR169C",0.05,0.23,0.23
"YGR170W",,,
"YGR172C",0.01,0.24,0.06
"YGR173W",0.01,0.26,0.02
"YGR175C",0.01,0.21,0.03
"YGR177C",0.06,0.23,0.27
"YGR178C",0.03,0.29,0.12
"YGR180C",0.01,0.17,0.04
"YGR181W",0.01,0.33,0.04
"YGR184C",0.02,0.32,0.07
"YGR185C",0.02,0.25,0.08
"YGR187C",0.04,0.27,0.15
"YGR188C",0.06,0.27,0.22
"YGR189C",0.06,0.4,0.16
"YGR191W",0.02,0.27,0.07
"YGR192C",0,0.03,0.04
"YGR193C",0.08,0.2,0.38
"YGR195W",0.01,0.21,0.03
"YGR196C",0.1,0.37,0.27
"YGR198W",0.05,0.3,0.17
"YGR199W",0.04,0.33,0.14
"YGR200C",,,
"YGR202C",0.02,0.31,0.05
"YGR203W",0.05,0.32,0.16
"YGR204W",0.01,0.31,0.03
"YGR205W",0.04,0.32,0.13
"YGR206W",0.07,0.2,0.38
"YGR207C",0.02,0.27,0.08
"YGR208W",0.06,0.33,0.18
"YGR209C",0.02,0.18,0.1
"YGR210C",0.01,0.25,0.03
"YGR211W",0.02,0.31,0.05
"YGR213C",,,
"YGR215W",0.04,0.28,0.12
"YGR218W",,,
"YGR220C",0.02,0.37,0.06
"YGR222W",0.1,0.36,0.27
"YGR223C",0.04,0.4,0.1
"YGR227W",0.03,0.24,0.12
"YGR229C",0.06,0.35,0.18
"YGR230W",0.18,0.36,0.51
"YGR232W",0.02,0.27,0.07
"YGR233C",0.03,0.34,0.08
"YGR234W",0.05,0.3,0.15
"YGR235C",0.09,0.28,0.3
"YGR237C",0.04,0.32,0.11
"YGR239C",,,
"YGR240C",0,0.21,0.02
"YGR241C",,,
"YGR243W",0.02,0.55,0.04
"YGR244C",0.01,0.28,0.02
"YGR245C",0.02,0.31,0.06
"YGR246C",0.03,0.37,0.09
"YGR247W",,,
"YGR248W",0.04,0.47,0.09
"YGR249W",0.04,0.32,0.13
"YGR250C",0.04,0.34,0.11
"YGR251W",0.07,0.27,0.26
"YGR252W",0.02,0.24,0.07
"YGR253C",0.01,0.24,0.06
"YGR254W",0,0.06,0.02
"YGR255C",0.01,0.3,0.04
"YGR256W",0.01,0.33,0.04
"YGR257C",0.03,0.27,0.1
"YGR260W",0.01,0.27,0.04
"YGR261C",,,
"YGR262C",0.01,0.29,0.05
"YGR263C",0.06,0.35,0.16
"YGR264C",0.02,0.27,0.08
"YGR266W",0.05,0.34,0.15
"YGR267C",0.01,0.26,0.03
"YGR268C",0.08,0.26,0.31
"YGR270W",0.07,0.32,0.22
"YGR274C",0.03,0.33,0.1
"YGR276C",0.06,0.3,0.2
"YGR278W",0.08,0.29,0.28
"YGR279C",0.03,0.18,0.17
"YGR280C",0.03,0.37,0.07
"YGR281W",,,
"YGR282C",,,
"YGR283C",0.09,0.38,0.23
"YGR284C",0.01,0.21,0.05
"YGR285C",0.02,0.22,0.07
"YGR286C",0.01,0.25,0.06
"YGR287C",0.02,0.46,0.04
"YGR288W",0.1,0.62,0.16
"YGR289C",0.07,0.65,0.11
"YGR292W",0.04,0.41,0.09
"YGR294W",0.01,0.17,0.07
"YHL002W",,,
"YHL003C",,,
"YHL004W",0.04,0.28,0.13
"YHL008C",0.06,0.3,0.2
"YHL009C",,,
"YHL010C",0.05,0.33,0.15
"YHL011C",0,0.25,0.01
"YHL012W",,,
"YHL013C",0.05,0.37,0.15
"YHL014C",0.03,0.31,0.09
"YHL015W",,0.04,
"YHL016C",0.01,0.33,0.03
"YHL017W",0.03,0.28,0.11
"YHL018W",0.06,0.24,0.23
"YHL019C",0.04,0.3,0.12
"YHL020C",0.04,0.36,0.12
"YHL021C",0.03,0.28,0.1
"YHL022C",0.07,0.4,0.18
"YHL023C",0.05,0.29,0.16
"YHL024W",,,
"YHL025W",0.06,0.29,0.19
"YHL027W",0.07,0.33,0.22
"YHL028W",0.09,0.39,0.24
"YHL029C",0.03,0.29,0.1
"YHL031C",0.01,0.28,0.03
"YHL032C",,,
"YHL033C",0.01,0.17,0.07
"YHL034C",0.02,0.21,0.1
"YHL036W",0.03,0.35,0.09
"YHL038C",0.08,0.39,0.2
"YHL039W",0.06,0.37,0.17
"YHL040C",0.03,0.3,0.09
"YHL044W",0.22,0.37,0.59
"YHR001W",0.02,0.27,0.09
"YHR002W",0.02,0.17,0.15
"YHR003C",0.05,0.24,0.2
"YHR004C",,,
"YHR005C",0.02,0.26,0.07
"YHR006W",0.07,0.3,0.23
"YHR007C",0.01,0.16,0.05
"YHR008C",0,0.32,0.01
"YHR009C",0.01,0.29,0.05
"YHR011W",0.06,0.27,0.21
"YHR013C",0.01,0.24,0.06
"YHR014W",0.06,0.39,0.15
"YHR015W",0.08,0.25,0.32
"YHR017W",0.07,0.3,0.24
"YHR018C",0.02,0.26,0.07
"YHR019C",0.01,0.22,0.03
"YHR020W",0.01,0.25,0.06
"YHR023W",0.05,0.35,0.13
"YHR024C",0.02,0.32,0.06
"YHR025W",0.01,0.24,0.03
"YHR026W",0.01,0.11,0.05
"YHR028C",0.05,0.27,0.18
"YHR029C",0.08,0.34,0.25
"YHR030C",0.02,0.28,0.07
"YHR031C",0.03,0.31,0.1
"YHR033W",0.02,0.31,0.06
"YHR034C",0.07,0.4,0.18
"YHR035W",0.13,0.29,0.46
"YHR036W",0.06,0.21,0.3
"YHR037W",0.02,0.38,0.04
"YHR038W",,,
"YHR039C",0.01,0.27,0.05
"YHR040W",0.05,0.32,0.15
"YHR042W",0.02,0.26,0.07
"YHR043C",0.03,0.41,0.07
"YHR044C",0.05,0.44,0.11
"YHR045W",0.07,0.3,0.22
"YHR046C",0.02,0.33,0.06
"YHR047C",0.05,0.39,0.12
"YHR048W",0.04,0.29,0.12
"YHR049W",0.02,0.25,0.06
"YHR050W",,,
"YHR051W",0.02,0.2,0.11
"YHR052W",0.04,0.24,0.15
"YHR056C",,,
"YHR057C",0.04,0.35,0.12
"YHR058C",0.03,0.36,0.07
"YHR059W",0.06,0.26,0.24
"YHR060W",,,
"YHR061C",0.06,0.33,0.18
"YHR062C",0.03,0.22,0.12
"YHR063C",0.03,0.27,0.09
"YHR066W",0.03,0.3,0.1
"YHR067W",0.08,0.3,0.26
"YHR068W",,,
"YHR069C",0.02,0.3,0.07
"YHR070W",0.04,0.29,0.14
"YHR071W",0.07,0.37,0.2
"YHR072W",0.02,0.29,0.06
"YHR073W",0.03,0.32,0.1
"YHR074W",0.01,0.24,0.05
"YHR075C",0.05,0.28,0.18
"YHR076W",0.04,0.25,0.16
"YHR078W",0.04,0.28,0.13
"YHR079C",,,
"YHR080C",0.08,0.35,0.22
"YHR081W",0.04,0.48,0.09
"YHR082C",,,
"YHR083W",0.1,0.24,0.42
"YHR084W",0.03,0.33,0.1
"YHR085W",0.04,0.39,0.11
"YHR086W",0.04,0.32,0.14
"YHR087W",0.03,0.35,0.08
"YHR088W",0.01,0.28,0.02
"YHR090C",0.03,0.37,0.09
"YHR091C",,,
"YHR094C",0.02,0.21,0.08
"YHR096C",,,
"YHR098C",0.02,0.28,0.06
"YHR100C",0.03,0.23,0.13
"YHR102W",0.05,0.3,0.17
"YHR103W",0.05,0.3,0.17
"YHR104W",0.01,0.33,0.02
"YHR105W",0.05,0.35,0.16
"YHR106W",0.03,0.28,0.1
"YHR107C",0,0.31,0.01
"YHR108W",0.03,0.28,0.11
"YHR109W",0.11,0.35,0.32
"YHR110W",0.04,0.42,0.09
"YHR111W",0.05,0.39,0.13
"YHR112C",0.02,0.28,0.05
"YHR113W",0.04,0.37,0.11
"YHR114W",,,
"YHR115C",0.03,0.22,0.16
"YHR117W",0.06,0.3,0.2
"YHR118C",,,
"YHR119W",,,
"YHR120W",0.05,0.31,0.15
"YHR121W",0.01,0.22,0.05
"YHR122W",0.03,0.26,0.11
"YHR124W",0.03,0.29,0.12
"YHR126C",,,
"YHR127W",0.09,0.39,0.23
"YHR129C",0.04,0.31,0.12
"YHR131C",0.06,0.36,0.18
"YHR132C",0.04,0.29,0.13
"YHR133C",0.04,0.32,0.14
"YHR137W",0.03,0.31,0.08
"YHR138C",0.05,0.26,0.2
"YHR139C",0.02,0.35,0.05
"YHR142W",0.02,0.35,0.06
"YHR143W",0.1,0.4,0.25
"YHR144C",0.06,0.28,0.2
"YHR146W",0.08,0.36,0.22
"YHR147C",0.02,0.23,0.09
"YHR148W",0,0.19,0.02
"YHR149C",0.07,0.31,0.23
"YHR151C",0.05,0.33,0.16
"YHR152W",,,
"YHR153C",0.13,0.31,0.41
"YHR155W",,,
"YHR156C",0.09,0.31,0.3
"YHR157W",0.11,0.35,0.31
"YHR158C",0.06,0.31,0.18
"YHR159W",0.07,0.28,0.27
"YHR160C",0.18,0.37,0.48
"YHR161C",0.07,0.42,0.15
"YHR162W",0,0.19,0.02
"YHR163W",,,
"YHR164C",0.07,0.29,0.24
"YHR166C",0.02,0.26,0.07
"YHR167W",0.04,0.2,0.22
"YHR169W",0.01,0.27,0.04
"YHR170W",0.01,0.26,0.03
"YHR171W",0.06,0.33,0.16
"YHR172W",0.04,0.28,0.14
"YHR174W",0,0.02,0.04
"YHR177W",0.1,0.33,0.31
"YHR178W",0.03,0.29,0.11
"YHR179W",0.02,0.22,0.09
"YHR181W",0,0.03,0.13
"YHR182W",0.1,0.28,0.34
"YHR208W",,,
"YHR215W",0.02,0.16,0.11
"YIL001W",,,
"YIL002C",0.01,0.25,0.05
"YIL005W",0.09,0.26,0.34
"YIL006W",0.03,0.28,0.09
"YIL007C",0.04,0.39,0.09
"YIL008W",0,0.23,0.02
"YIL009W",0.02,0.27,0.09
"YIL010W",0.07,0.25,0.27
"YIL011W",0.02,0.37,0.05
"YIL013C",0.03,0.27,0.1
"YIL014W",0.07,0.27,0.27
"YIL015W",0.09,0.33,0.27
"YIL016W",0.02,0.3,0.07
"YIL017C",0.04,0.33,0.11
"YIL019W",0.07,0.31,0.23
"YIL020C",0.04,0.31,0.13
"YIL021W",0,0.25,0.01
"YIL022W",0.02,0.3,0.05
"YIL023C",0.08,0.33,0.25
"YIL024C",0.01,0.28,0.03
"YIL026C",0.04,0.3,0.13
"YIL027C",0.05,0.22,0.21
"YIL030C",0.03,0.28,0.11
"YIL031W",0.09,0.33,0.26
"YIL033C",0.01,0.24,0.05
"YIL034C",0.03,0.24,0.12
"YIL035C",0.02,0.19,0.09
"YIL037C",0.13,0.35,0.36
"YIL038C",0.03,0.3,0.1
"YIL039W",0.04,0.3,0.12
"YIL040W",0.04,0.35,0.12
"YIL041W",0.01,0.32,0.02
"YIL042C",0.03,0.31,0.1
"YIL044C",0.04,0.23,0.19
"YIL045W",0.04,0.28,0.14
"YIL047C",0.01,0.28,0.05
"YIL048W",0.01,0.25,0.05
"YIL049W",0.05,0.27,0.18
"YIL050W",0.06,0.36,0.18
"YIL051C",,,
"YIL053W",0,0.16,0.02
"YIL056W",0.03,0.28,0.1
"YIL057C",0.01,0.43,0.03
"YIL061C",0.06,0.25,0.23
"YIL062C",0.03,0.16,0.17
"YIL063C",0.06,0.25,0.23
"YIL065C",0.01,0.32,0.03
"YIL066C",0.01,0.34,0.03
"YIL067C",0.03,0.33,0.1
"YIL068C",0.01,0.29,0.04
"YIL070C",0.03,0.38,0.07
"YIL071C",0.06,0.22,0.26
"YIL072W",0.04,0.37,0.11
"YIL073C",0.06,0.3,0.2
"YIL074C",0.01,0.4,0.03
"YIL075C",0.01,0.34,0.04
"YIL077C",,,
"YIL078W",,,
"YIL079C",0.06,0.3,0.21
"YIL082W",,,
"YIL084C",0.02,0.33,0.06
"YIL085C",0.04,0.29,0.14
"YIL087C",0.02,0.4,0.05
"YIL088C",0.03,0.38,0.07
"YIL090W",0.01,0.24,0.04
"YIL091C",0.05,0.31,0.15
"YIL093C",0.03,0.2,0.17
"YIL094C",0.01,0.27,0.02
"YIL095W",0.07,0.33,0.21
"YIL096C",0.04,0.31,0.13
"YIL097W",0.05,0.24,0.19
"YIL098C",0.09,0.29,0.29
"YIL099W",0.06,0.35,0.18
"YIL104C",0.05,0.35,0.14
"YIL105C",0.01,0.27,0.05
"YIL107C",0.03,0.28,0.1
"YIL108W",0.02,0.32,0.06
"YIL109C",0.01,0.3,0.03
"YIL110W",0.07,0.36,0.18
"YIL112W",0.08,0.36,0.23
"YIL113W",0.08,0.34,0.24
"YIL114C",0.07,0.45,0.15
"YIL115C",0.12,0.35,0.35
"YIL117C",0.09,0.37,0.25
"YIL118W",0.01,0.23,0.05
"YIL119C",0.04,0.29,0.15
"YIL120W",0.07,0.3,0.23
"YIL122W",0.04,0.29,0.14
"YIL123W",0.07,0.36,0.19
"YIL124W",0.03,0.42,0.07
"YIL125W",0.01,0.33,0.03
"YIL126W",0.03,0.29,0.09
"YIL127C",0.04,0.4,0.09
"YIL128W",0.05,0.31,0.15
"YIL130W",0.04,0.3,0.15
"YIL131C",0.03,0.31,0.09
"YIL132C",0.05,0.23,0.2
"YIL134W",,,
"YIL135C",0.03,0.24,0.13
"YIL136W",0.02,0.29,0.07
"YIL137C",0.05,0.35,0.16
"YIL138C",0.02,0.27,0.06
"YIL139C",0.04,0.25,0.17
"YIL140W",0.04,0.33,0.11
"YIL142W",,,
"YIL143C",0.01,0.26,0.05
"YIL144W",0.03,0.3,0.11
"YIL146C",0.05,0.22,0.24
"YIL147C",0.05,0.31,0.15
"YIL149C",,,
"YIL150C",0.05,0.31,0.16
"YIL151C",0.04,0.27,0.15
"YIL152W",0.08,0.35,0.24
"YIL153W",0.03,0.37,0.09
"YIL154C",0.02,0.25,0.08
"YIL155C",0.01,0.32,0.03
"YIL156W",0.04,0.31,0.12
"YIL158W",0.08,0.35,0.24
"YIL159W",,,
"YIL160C",0.01,0.36,0.04
"YIL161W",0.13,0.28,0.48
"YIL162W",0.02,0.3,0.06
"YIL165C",0.02,0.3,0.07
"YIL166C",0.01,0.31,0.04
"YIL167W",0.05,0.54,0.1
"YIL170W",,,
"YIL172C",,,
"YIR001C",0.05,0.34,0.15
"YIR002C",0.06,0.28,0.2
"YIR003W",0.16,0.29,0.56
"YIR004W",0.05,0.3,0.15
"YIR005W",,,
"YIR006C",0.06,0.3,0.21
"YIR007W",0.05,0.25,0.2
"YIR008C",0.02,0.28,0.08
"YIR009W",0.03,0.23,0.12
"YIR010W",0.03,0.3,0.1
"YIR011C",0.04,0.24,0.17
"YIR012W",0.03,0.33,0.08
"YIR013C",0.06,0.23,0.24
"YIR015W",0.08,0.43,0.2
"YIR016W",0.13,0.33,0.39
"YIR018W",0.07,0.29,0.25
"YIR019C",0.14,0.43,0.33
"YIR021W",0.08,0.27,0.3
"YIR022W",0.01,0.28,0.04
"YIR023W",0.03,0.34,0.09
"YIR024C",0.08,0.22,0.36
"YIR025W",0.05,0.23,0.21
"YIR026C",0.02,0.28,0.07
"YIR027C",0.04,0.37,0.11
"YIR028W",0.01,0.27,0.04
"YIR029W",0.04,0.28,0.14
"YIR030C",0.07,0.32,0.22
"YIR031C",0.02,0.28,0.07
"YIR032C",0.07,0.29,0.25
"YIR033W",0.03,0.26,0.13
"YIR034C",0.01,0.28,0.04
"YIR035C",0.02,0.25,0.1
"YIR036C",0.05,0.44,0.12
"YIR037W",0.02,0.3,0.05
"YIR038C",0.03,0.27,0.12
"YIR039C",0.13,0.48,0.26
"YIR041W",,,
"YIR042C",,,
"YJL002C",,,
"YJL003W",0.02,0.26,0.08
"YJL004C",0.06,0.36,0.16
"YJL006C",0.03,0.32,0.09
"YJL008C",0.01,0.25,0.02
"YJL010C",,,
"YJL011C",0.03,0.33,0.1
"YJL016W",0.04,0.3,0.14
"YJL023C",,,
"YJL025W",0.06,0.36,0.15
"YJL026W",,,
"YJL029C",,,
"YJL030W",0.03,0.25,0.12
"YJL033W",0.02,0.26,0.06
"YJL035C",,,
"YJL036W",0.02,0.31,0.06
"YJL037W",0.04,0.22,0.18
"YJL038C",0.07,0.38,0.18
"YJL039C",,,
"YJL042W",0.04,0.31,0.12
"YJL043W",0.07,0.32,0.23
"YJL045W",,,
"YJL047C",0.07,0.33,0.21
"YJL049W",0.09,0.32,0.29
"YJL050W",0.02,0.29,0.06
"YJL052W",,,
"YJL053W",0.03,0.31,0.09
"YJL054W",0.07,0.3,0.22
"YJL056C",0.07,0.27,0.26
"YJL058C",0.04,0.31,0.14
"YJL059W",0.04,0.27,0.14
"YJL060W",0.01,0.38,0.04
"YJL061W",0.09,0.31,0.29
"YJL062W",0.05,0.33,0.14
"YJL063C",0.06,0.23,0.25
"YJL065C",0.05,0.29,0.18
"YJL066C",0.06,0.26,0.21
"YJL068C",0.06,0.34,0.17
"YJL070C",0.04,0.3,0.14
"YJL072C",0.02,0.27,0.06
"YJL073W",,,
"YJL074C",0.03,0.32,0.09
"YJL076W",,,
"YJL079C",0.03,0.34,0.1
"YJL080C",0.02,0.24,0.09
"YJL081C",,,
"YJL082W",0.01,0.34,0.04
"YJL083W",0.05,0.34,0.15
"YJL085W",0.02,0.36,0.05
"YJL087C",,,
"YJL088W",0.02,0.31,0.07
"YJL089W",0.06,0.31,0.21
"YJL090C",0.06,0.33,0.2
"YJL092W",,,
"YJL094C",0.03,0.32,0.08
"YJL095W",0.04,0.31,0.13
"YJL097W",0.05,0.25,0.22
"YJL098W",,,
"YJL099W",0.06,0.27,0.22
"YJL100W",0.05,0.3,0.18
"YJL101C",0.03,0.27,0.11
"YJL103C",0.06,0.34,0.18
"YJL104W",0.03,0.21,0.12
"YJL106W",0.02,0.33,0.07
"YJL108C",0.01,0.35,0.02
"YJL110C",0.09,0.39,0.22
"YJL111W",0.01,0.25,0.03
"YJL112W",0.06,0.26,0.22
"YJL115W",0.02,0.35,0.05
"YJL116C",0.03,0.35,0.08
"YJL117W",0.04,0.32,0.11
"YJL118W",0.04,0.14,0.27
"YJL121C",0.01,0.22,0.03
"YJL122W",0.03,0.27,0.1
"YJL123C",0.06,0.32,0.19
"YJL124C",0.02,0.17,0.11
"YJL126W",0.08,0.26,0.3
"YJL127C",0.06,0.29,0.21
"YJL128C",0.03,0.27,0.1
"YJL129C",0.04,0.31,0.14
"YJL131C",0.07,0.3,0.23
"YJL132W",0.08,0.3,0.26
"YJL133W",0.01,0.2,0.06
"YJL134W",0.02,0.28,0.06
"YJL137C",0.07,0.31,0.24
"YJL138C",0,0.09,0.03
"YJL140W",0.01,0.21,0.03
"YJL141C",0.03,0.36,0.09
"YJL143W",0.01,0.29,0.02
"YJL144W",,,
"YJL145W",0.03,0.44,0.08
"YJL146W",0.04,0.36,0.11
"YJL147C",,,
"YJL148W",,,
"YJL149W",0.03,0.33,0.1
"YJL151C",0.03,0.41,0.07
"YJL154C",0.03,0.31,0.09
"YJL155C",0.02,0.24,0.09
"YJL157C",0.07,0.33,0.22
"YJL158C",0.05,0.24,0.2
"YJL161W",0.08,0.34,0.23
"YJL163C",0.04,0.32,0.11
"YJL164C",0.03,0.29,0.1
"YJL165C",0.03,0.3,0.1
"YJL166W",,0.25,
"YJL167W",0.01,0.23,0.05
"YJL168C",0.04,0.28,0.13
"YJL170C",0.06,0.22,0.27
"YJL171C",0.02,0.32,0.07
"YJL172W",0.01,0.24,0.06
"YJL173C",0.02,0.29,0.06
"YJL174W",0.05,0.29,0.18
"YJL176C",0.08,0.28,0.28
"YJL178C",0.05,0.24,0.21
"YJL179W",0.01,0.25,0.05
"YJL180C",0.06,0.36,0.17
"YJL183W",,,
"YJL184W",0.03,0.34,0.09
"YJL185C",0.08,0.36,0.21
"YJL186W",0.06,0.34,0.17
"YJL187C",0.04,0.34,0.11
"YJL190C",,0.02,
"YJL192C",,,
"YJL193W",,,
"YJL194W",0.04,0.33,0.13
"YJL195C",0.08,0.31,0.25
"YJL196C",0.03,0.22,0.13
"YJL197W",,,
"YJL198W",0.01,0.32,0.04
"YJL200C",0.02,0.34,0.05
"YJL201W",0.03,0.25,0.1
"YJL203W",0.11,0.27,0.4
"YJL204C",0.04,0.3,0.14
"YJL206C",0.05,0.34,0.15
"YJL208C",0.03,0.3,0.1
"YJL209W",0.05,0.32,0.17
"YJL210W",0.08,0.35,0.24
"YJL212C",0.01,0.34,0.04
"YJL213W",0.03,0.32,0.09
"YJL214W",0.06,0.52,0.11
"YJL216C",0.04,0.7,0.06
"YJL217W",0.05,0.36,0.15
"YJL218W",0.02,0.13,0.12
"YJL219W",,,
"YJR001W",0.02,0.26,0.07
"YJR002W",,,
"YJR004C",0.15,0.31,0.49
"YJR005W",0.02,0.29,0.09
"YJR006W",0.05,0.34,0.14
"YJR007W",,0.21,
"YJR008W",,,
"YJR009C",0.01,0.07,0.11
"YJR010W",0.01,0.24,0.03
"YJR011C",0.04,0.29,0.14
"YJR013W",0.07,0.38,0.19
"YJR014W",,,
"YJR015W",0.06,0.38,0.16
"YJR016C",0,0.23,0.02
"YJR019C",0.01,0.28,0.03
"YJR024C",0.03,0.32,0.08
"YJR025C",0.01,0.26,0.05
"YJR031C",0.07,0.3,0.23
"YJR032W",0.05,0.37,0.15
"YJR033C",,,
"YJR034W",0,0.39,0.01
"YJR036C",0.05,0.3,0.18
"YJR039W",0.11,0.31,0.35
"YJR040W",0.03,0.31,0.08
"YJR041C",,,
"YJR042W",0.05,0.25,0.19
"YJR043C",0.07,0.37,0.19
"YJR044C",0.02,0.24,0.1
"YJR045C",0,0.23,0.02
"YJR046W",0.05,0.35,0.16
"YJR047C",0.01,0.11,0.05
"YJR048W",0,0.29,0
"YJR049C",0.02,0.39,0.05
"YJR050W",0.06,0.31,0.19
"YJR051W",0.04,0.3,0.12
"YJR052W",0.04,0.24,0.15
"YJR053W",0.06,0.32,0.18
"YJR054W",0.06,0.31,0.2
"YJR055W",,,
"YJR056C",,,
"YJR058C",,0.23,
"YJR059W",0.03,0.28,0.1
"YJR060W",0.06,0.3,0.19
"YJR061W",,,
"YJR063W",0,0.17,0.03
"YJR064W",0,0.25,0.02
"YJR065C",0,0.24,0.02
"YJR068W",0.02,0.24,0.08
"YJR069C",0.02,0.37,0.06
"YJR070C",0.01,0.21,0.04
"YJR072C",0.01,0.27,0.03
"YJR073C",0.03,0.28,0.12
"YJR075W",0.02,0.36,0.06
"YJR076C",,,
"YJR077C",,,
"YJR078W",0.05,0.27,0.18
"YJR080C",,,
"YJR082C",0.02,0.28,0.08
"YJR083C",,,
"YJR084W",0.05,0.28,0.17
"YJR085C",0.01,0.22,0.04
"YJR086W",0.05,0.2,0.24
"YJR088C",0.03,0.27,0.12
"YJR089W",0.16,0.33,0.49
"YJR090C",0.03,0.27,0.11
"YJR091C",0.03,0.31,0.09
"YJR093C",0.04,0.31,0.13
"YJR094C",0.08,0.32,0.24
"YJR095W",0.01,0.23,0.04
"YJR096W",,,
"YJR097W",,,
"YJR099W",0.08,0.4,0.19
"YJR100C",,,
"YJR101W",0.03,0.34,0.1
"YJR102C",0.05,0.32,0.15
"YJR104C",0.01,0.18,0.07
"YJR105W",0.02,0.23,0.07
"YJR106W",,,
"YJR109C",0.01,0.26,0.04
"YJR110W",0.03,0.31,0.11
"YJR111C",0.01,0.35,0.04
"YJR112W",0.03,0.36,0.08
"YJR113C",0.03,0.27,0.12
"YJR116W",0.03,0.31,0.09
"YJR117W",0.02,0.23,0.07
"YJR118C",0.06,0.23,0.26
"YJR119C",0.06,0.33,0.18
"YJR121W",0,0.2,0.01
"YJR122W",0.1,0.32,0.31
"YJR123W",,0.03,
"YJR124C",0.02,0.24,0.09
"YJR125C",0.04,0.32,0.13
"YJR129C",0.08,0.34,0.24
"YJR130C",,,
"YJR131W",0.06,0.31,0.18
"YJR132W",0.03,0.29,0.11
"YJR133W",0.01,0.32,0.04
"YJR134C",0.08,0.32,0.24
"YJR135C",0.11,0.3,0.36
"YJR136C",0.1,0.29,0.33
"YJR137C",0.02,0.27,0.07
"YJR138W",0.03,0.28,0.12
"YJR139C",0.01,0.2,0.04
"YJR140C",0.04,0.31,0.11
"YJR141W",0.12,0.24,0.52
"YJR142W",0.05,0.3,0.15
"YJR143C",,,
"YJR144W",0.04,0.31,0.12
"YJR147W",0.07,0.28,0.26
"YJR148W",,,
"YJR150C",,,
"YJR151C",0.27,0.62,0.43
"YJR152W",0.01,0.27,0.05
"YJR153W",0.02,0.39,0.05
"YJR155W",0.04,0.49,0.09
"YJR156C",0.01,0.26,0.02
"YJR159W",0.03,0.33,0.1
"YKL001C",,0.29,
"YKL002W",0.02,0.26,0.07
"YKL003C",,,
"YKL004W",0.01,0.23,0.03
"YKL005C",0.08,0.33,0.24
"YKL007W",0.04,0.29,0.13
"YKL008C",,,
"YKL009W",,,
"YKL010C",0.04,0.27,0.15
"YKL011C",0.07,0.36,0.2
"YKL012W",0.06,0.32,0.2
"YKL013C",,0.17,
"YKL014C",0.07,0.28,0.26
"YKL016C",,,
"YKL017C",0.03,0.27,0.11
"YKL018W",,,
"YKL019W",0.05,0.31,0.15
"YKL020C",0.05,0.33,0.15
"YKL023W",0.1,0.32,0.33
"YKL024C",0.03,0.41,0.07
"YKL025C",,,
"YKL026C",0.05,0.33,0.15
"YKL027W",,,
"YKL028W",0.03,0.26,0.13
"YKL029C",0.01,0.28,0.04
"YKL032C",,,
"YKL033W",0.07,0.29,0.25
"YKL034W",0.03,0.3,0.08
"YKL035W",0,0.25,0.01
"YKL038W",0.04,0.31,0.13
"YKL040C",0.03,0.22,0.14
"YKL041W",0.02,0.22,0.1
"YKL042W",0.04,0.27,0.14
"YKL043W",0.05,0.26,0.18
"YKL045W",0.02,0.26,0.06
"YKL046C",0.01,0.31,0.03
"YKL047W",0.07,0.23,0.29
"YKL048C",0.08,0.29,0.27
"YKL049C",0.04,0.34,0.13
"YKL050C",0.13,0.38,0.35
"YKL051W",0.03,0.29,0.09
"YKL052C",0.08,0.28,0.28
"YKL054C",0.04,0.28,0.13
"YKL055C",0.11,0.32,0.34
"YKL056C",0,0.09,0.03
"YKL057C",,,
"YKL058W",0,0.24,0.02
"YKL059C",0.02,0.33,0.06
"YKL060C",0.01,0.03,0.41
"YKL061W",0.03,0.32,0.09
"YKL062W",0.04,0.28,0.13
"YKL063C",0.04,0.17,0.25
"YKL064W",0.01,0.27,0.04
"YKL065C",0.03,0.21,0.14
"YKL067W",0.03,0.29,0.09
"YKL068W",0.09,0.34,0.27
"YKL069W",0.05,0.37,0.12
"YKL071W",0.13,0.69,0.19
"YKL073W",,,
"YKL074C",0.09,0.29,0.32
"YKL075C",0.04,0.32,0.13
"YKL077W",0.07,0.28,0.25
"YKL078W",0.04,0.32,0.12
"YKL079W",0.05,0.29,0.19
"YKL080W",0,0.21,0.01
"YKL082C",0.04,0.29,0.15
"YKL084W",0.07,0.33,0.2
"YKL085W",0.01,0.29,0.03
"YKL086W",0.02,0.19,0.11
"YKL087C",0.04,0.27,0.16
"YKL088W",,,
"YKL089W",0.04,0.34,0.11
"YKL090W",,,
"YKL091C",0.01,0.23,0.06
"YKL092C",,,
"YKL093W",0.07,0.33,0.22
"YKL094W",,,
"YKL095W",0.06,0.29,0.2
"YKL096W",0.07,0.35,0.19
"YKL098W",0.07,0.37,0.19
"YKL100C",0.04,0.33,0.13
"YKL101W",0.07,0.33,0.21
"YKL103C",0.02,0.32,0.07
"YKL104C",0,0.23,0.01
"YKL105C",,,
"YKL106W",,,
"YKL107W",0.03,0.4,0.07
"YKL108W",0.1,0.39,0.26
"YKL109W",0.05,0.3,0.17
"YKL110C",0.02,0.3,0.06
"YKL112W",0.04,0.33,0.13
"YKL113C",0.01,0.28,0.02
"YKL114C",0.02,0.32,0.08
"YKL116C",0.05,0.28,0.19
"YKL117W",0.01,0.29,0.03
"YKL119C",0.04,0.27,0.13
"YKL120W",0.01,0.2,0.05
"YKL121W",0.05,0.32,0.15
"YKL122C",0.06,0.27,0.23
"YKL124W",0.03,0.29,0.1
"YKL125W",0.02,0.25,0.09
"YKL126W",0.01,0.24,0.04
"YKL127W",0.04,0.3,0.13
"YKL128C",0.06,0.37,0.15
"YKL129C",,,
"YKL130C",0.02,0.39,0.05
"YKL132C",0.08,0.3,0.26
"YKL133C",0.1,0.29,0.35
"YKL134C",,,
"YKL135C",0.03,0.32,0.09
"YKL137W",0.03,0.35,0.1
"YKL138C",0.02,0.32,0.05
"YKL139W",0.05,0.29,0.18
"YKL140W",0.02,0.34,0.07
"YKL141W",0.02,0.29,0.08
"YKL142W",0.02,0.33,0.04
"YKL143W",0.03,0.38,0.09
"YKL144C",0,0.27,0.02
"YKL145W",0.01,0.27,0.03
"YKL146W",0.03,0.31,0.1
"YKL148C",0.01,0.24,0.02
"YKL149C",0.08,0.32,0.24
"YKL150W",0.02,0.32,0.06
"YKL151C",,,
"YKL152C",0,0.1,0.02
"YKL154W",0.06,0.31,0.2
"YKL155C",0.07,0.3,0.24
"YKL160W",0.01,0.22,0.04
"YKL162C",0.07,0.3,0.24
"YKL163W",0.01,0.3,0.05
"YKL164C",,,
"YKL165C",0.03,0.3,0.09
"YKL166C",0.02,0.3,0.05
"YKL170W",0,0.3,0.01
"YKL172W",0.06,0.28,0.2
"YKL173W",,,
"YKL175W",0.06,0.3,0.2
"YKL176C",0.03,0.33,0.1
"YKL178C",0.04,0.33,0.12
"YKL181W",0.01,0.25,0.02
"YKL183W",0.03,0.21,0.12
"YKL184W",0.05,0.38,0.13
"YKL185W",0.05,0.31,0.15
"YKL187C",0.04,0.33,0.1
"YKL188C",0.04,0.34,0.1
"YKL189W",0.01,0.31,0.04
"YKL191W",0.05,0.37,0.14
"YKL192C",0.01,0.19,0.08
"YKL193C",0.04,0.35,0.12
"YKL194C",0.04,0.36,0.1
"YKL196C",,0.3,
"YKL197C",0.07,0.32,0.23
"YKL204W",,,
"YKL205W",0.02,0.23,0.07
"YKL206C",0.04,0.24,0.16
"YKL208W",0.09,0.35,0.26
"YKL209C",,,
"YKL210W",0.01,0.29,0.05
"YKL211C",0.02,0.31,0.05
"YKL212W",0.02,0.27,0.06
"YKL213C",0.04,0.35,0.12
"YKL214C",0.04,0.19,0.18
"YKL215C",0.02,0.31,0.08
"YKL216W",0.01,0.26,0.05
"YKL217W",0.01,0.32,0.03
"YKL218C",0.05,0.34,0.13
"YKL220C",0.05,0.29,0.18
"YKL221W",0.05,0.27,0.2
"YKR001C",0.01,0.23,0.04
"YKR002W",0.01,0.26,0.04
"YKR004C",0.1,0.32,0.32
"YKR005C",0.17,0.38,0.44
"YKR007W",0.07,0.27,0.25
"YKR008W",0.03,0.27,0.13
"YKR009C",0.03,0.32,0.09
"YKR010C",0.14,0.31,0.46
"YKR011C",0.05,0.25,0.19
"YKR013W",0.1,0.46,0.23
"YKR014C",0.01,0.22,0.03
"YKR015C",0.13,0.29,0.43
"YKR017C",0.02,0.27,0.07
"YKR018C",0.02,0.29,0.06
"YKR019C",0.06,0.3,0.21
"YKR020W",0.07,0.22,0.3
"YKR021W",0.04,0.27,0.15
"YKR022C",0.11,0.28,0.39
"YKR023W",0.09,0.36,0.24
"YKR024C",0.03,0.31,0.11
"YKR025W",0.04,0.33,0.13
"YKR026C",0,0.28,0.01
"YKR027W",,,
"YKR029C",,,
"YKR030W",0.03,0.35,0.09
"YKR031C",0.04,0.28,0.13
"YKR034W",0.02,0.25,0.07
"YKR036C",,,
"YKR039W",0.02,0.34,0.05
"YKR043C",0.01,0.19,0.03
"YKR044W",0.06,0.3,0.2
"YKR046C",0.02,0.27,0.06
"YKR048C",0.02,0.28,0.09
"YKR049C",0.02,0.35,0.04
"YKR050W",0.06,0.3,0.21
"YKR051W",,,
"YKR052C",0.01,0.24,0.03
"YKR053C",0.05,0.25,0.2
"YKR055W",0.04,0.29,0.13
"YKR058W",0.15,0.33,0.44
"YKR059W",0,0.1,0.01
"YKR060W",0.06,0.22,0.26
"YKR061W",0.04,0.26,0.17
"YKR062W",0.01,0.31,0.04
"YKR063C",0.07,0.34,0.22
"YKR064W",0.06,0.31,0.21
"YKR065C",0.02,0.29,0.06
"YKR066C",0.02,0.38,0.04
"YKR067W",0.04,0.41,0.09
"YKR068C",0.01,0.28,0.03
"YKR070W",0.03,0.31,0.09
"YKR071C",0.07,0.37,0.19
"YKR072C",0.05,0.39,0.12
"YKR074W",0.05,0.3,0.16
"YKR075C",0.09,0.34,0.28
"YKR076W",0.04,0.35,0.11
"YKR077W",0.06,0.34,0.17
"YKR078W",0.09,0.33,0.27
"YKR079C",,,
"YKR080W",0.01,0.24,0.04
"YKR081C",0.01,0.2,0.05
"YKR082W",0.04,0.34,0.11
"YKR083C",0.06,0.29,0.19
"YKR084C",0.05,0.28,0.18
"YKR085C",,,
"YKR086W",0.05,0.38,0.14
"YKR088C",0.03,0.3,0.1
"YKR089C",0.03,0.32,0.08
"YKR090W",0.09,0.29,0.29
"YKR092C",0.21,0.68,0.31
"YKR093W",0.01,0.34,0.04
"YKR096W",0.06,0.3,0.18
"YKR097W",0.01,0.29,0.02
"YKR098C",0.07,0.38,0.18
"YKR102W",0.18,0.48,0.37
"YKR105C",0.05,0.31,0.15
"YLL001W",0.01,0.24,0.04
"YLL002W",0.07,0.25,0.3
"YLL003W",0.09,0.27,0.34
"YLL004W",0.03,0.28,0.09
"YLL005C",0.06,0.26,0.23
"YLL007C",0.06,0.27,0.21
"YLL008W",0.02,0.26,0.08
"YLL009C",0.02,0.3,0.06
"YLL010C",0.03,0.27,0.13
"YLL011W",0.01,0.23,0.05
"YLL012W",,,
"YLL013C",0.05,0.37,0.12
"YLL014W",0.02,0.26,0.08
"YLL016W",0.08,0.36,0.22
"YLL018C",0,0.2,0.02
"YLL019C",0.02,0.27,0.06
"YLL023C",0.03,0.22,0.12
"YLL024C",0,0.11,0.04
"YLL025W",0.01,0.21,0.04
"YLL026W",,,
"YLL027W",0.04,0.27,0.16
"YLL028W",0.01,0.29,0.05
"YLL029W",0.03,0.32,0.1
"YLL031C",0.02,0.3,0.07
"YLL033W",0.06,0.22,0.26
"YLL034C",0.02,0.29,0.08
"YLL035W",0.05,0.29,0.16
"YLL036C",0.09,0.35,0.27
"YLL038C",0.02,0.25,0.09
"YLL039C",0.01,0.52,0.01
"YLL041C",0.01,0.27,0.03
"YLL042C",0.1,0.28,0.35
"YLL043W",0.01,0.31,0.04
"YLL045C",0.01,0.13,0.06
"YLL046C",0.07,0.38,0.19
"YLL049W",0.13,0.33,0.38
"YLL051C",0.06,0.27,0.24
"YLL053C",0.01,0.28,0.05
"YLL055W",,,
"YLL056C",0.1,0.4,0.26
"YLL057C",0.03,0.33,0.08
"YLL060C",0.08,0.38,0.21
"YLL061W",0.02,0.35,0.04
"YLL062C",0.07,0.32,0.24
"YLR001C",,,
"YLR002C",0.03,0.26,0.13
"YLR003C",0.06,0.3,0.2
"YLR005W",0.01,0.24,0.05
"YLR006C",0.06,0.28,0.2
"YLR007W",0.07,0.3,0.23
"YLR008C",0.03,0.27,0.12
"YLR009W",0,0.17,0.01
"YLR010C",0.12,0.24,0.51
"YLR013W",0.1,0.26,0.4
"YLR014C",0.06,0.31,0.2
"YLR015W",0.05,0.34,0.13
"YLR016C",0.06,0.31,0.2
"YLR017W",0.01,0.31,0.02
"YLR018C",0.06,0.31,0.21
"YLR019W",0.04,0.29,0.13
"YLR021W",0.07,0.23,0.29
"YLR022C",0.03,0.25,0.13
"YLR023C",0.04,0.3,0.14
"YLR025W",0.03,0.25,0.13
"YLR026C",0.03,0.33,0.1
"YLR028C",0.01,0.33,0.02
"YLR029C",0.01,0.03,0.33
"YLR032W",0.06,0.27,0.21
"YLR033W",0.05,0.28,0.17
"YLR034C",0.02,0.33,0.05
"YLR035C",0.1,0.22,0.43
"YLR037C",0.02,0.32,0.08
"YLR038C",,0.32,
"YLR040C",0.1,0.4,0.25
"YLR042C",,,
"YLR043C",,0.18,
"YLR044C",0,0.05,0.03
"YLR046C",0.13,0.33,0.4
"YLR047C",0.04,0.29,0.14
"YLR050C",0.04,0.36,0.1
"YLR051C",0.05,0.24,0.23
"YLR052W",0.03,0.22,0.13
"YLR053C",0.15,0.26,0.57
"YLR054C",0.04,0.25,0.17
"YLR055C",0.04,0.32,0.12
"YLR056W",0.02,0.29,0.06
"YLR057W",0.08,0.28,0.27
"YLR058C",0,0.16,0.02
"YLR059C",0.03,0.27,0.12
"YLR060W",0.01,0.24,0.04
"YLR064W",,,
"YLR065C",0.04,0.29,0.12
"YLR066W",,,
"YLR067C",0.04,0.31,0.14
"YLR068W",0.04,0.31,0.14
"YLR069C",0.02,0.25,0.07
"YLR070C",0.07,0.38,0.19
"YLR072W",0.03,0.34,0.08
"YLR073C",0.05,0.24,0.2
"YLR074C",,,
"YLR075W",0.01,0.05,0.13
"YLR077W",0.05,0.29,0.17
"YLR079W",0.06,0.22,0.28
"YLR082C",0.07,0.27,0.25
"YLR084C",0.06,0.35,0.18
"YLR085C",,,
"YLR086W",0.05,0.31,0.18
"YLR088W",0.03,0.28,0.11
"YLR089C",,,
"YLR090W",0.07,0.31,0.22
"YLR092W",0.02,0.3,0.06
"YLR094C",0.06,0.28,0.2
"YLR095C",0.07,0.35,0.21
"YLR096W",0.05,0.3,0.16
"YLR097C",0.07,0.28,0.25
"YLR098C",,,
"YLR099C",0.01,0.38,0.03
"YLR100W",0.02,0.31,0.05
"YLR102C",0.06,0.3,0.19
"YLR103C",0.03,0.26,0.12
"YLR104W",,,
"YLR105C",0.05,0.27,0.18
"YLR107W",0.05,0.33,0.15
"YLR108C",0.08,0.33,0.24
"YLR109W",0.01,0.25,0.04
"YLR110C",0.01,0.08,0.09
"YLR113W",0.01,0.28,0.04
"YLR115W",0.04,0.27,0.17
"YLR116W",0.05,0.36,0.13
"YLR117C",0.05,0.29,0.18
"YLR118C",0.03,0.34,0.1
"YLR120C",0.05,0.25,0.2
"YLR121C",0.04,0.34,0.11
"YLR125W",0.18,0.32,0.55
"YLR126C",0.04,0.34,0.12
"YLR129W",0.02,0.3,0.08
"YLR130C",0.05,0.33,0.14
"YLR131C",0.06,0.27,0.22
"YLR132C",0.09,0.22,0.41
"YLR133W",0.04,0.29,0.13
"YLR134W",0.01,0.13,0.06
"YLR135W",0.1,0.27,0.38
"YLR136C",0.04,0.33,0.11
"YLR137W",0.09,0.28,0.31
"YLR138W",0.02,0.26,0.08
"YLR139C",0.06,0.31,0.18
"YLR141W",0.05,0.2,0.24
"YLR142W",0.03,0.32,0.08
"YLR143W",0.1,0.36,0.27
"YLR144C",0.05,0.29,0.18
"YLR145W",0.1,0.27,0.39
"YLR146C",0.04,0.35,0.13
"YLR149C",,,
"YLR150W",,,
"YLR153C",0,0.25,0.01
"YLR154C",0.09,0.38,0.24
"YLR163C",0.02,0.36,0.06
"YLR166C",0.02,0.29,0.08
"YLR167W",0,0.1,0.04
"YLR168C",0.01,0.31,0.03
"YLR170C",0.03,0.21,0.15
"YLR172C",0.01,0.38,0.04
"YLR173W",0.05,0.25,0.21
"YLR174W",0.01,0.33,0.03
"YLR175W",0.01,0.15,0.05
"YLR177W",0.04,0.29,0.14
"YLR178C",0.03,0.39,0.07
"YLR179C",0.06,0.37,0.15
"YLR180W",0,0.22,0.01
"YLR181C",0.1,0.35,0.3
"YLR182W",0.04,0.29,0.15
"YLR183C",0.08,0.34,0.24
"YLR186W",0.01,0.19,0.03
"YLR188W",0.04,0.28,0.13
"YLR189C",0.04,0.26,0.15
"YLR190W",0.07,0.3,0.23
"YLR191W",0.05,0.35,0.14
"YLR192C",0.01,0.25,0.06
"YLR193C",0.01,0.34,0.04
"YLR194C",0.07,0.37,0.2
"YLR195C",0.03,0.28,0.09
"YLR196W",0.03,0.3,0.09
"YLR197W",,,
"YLR199C",0.08,0.25,0.32
"YLR200W",0.05,0.23,0.23
"YLR201C",0.03,0.27,0.13
"YLR203C",0.02,0.32,0.05
"YLR204W",,,
"YLR205C",0.03,0.24,0.13
"YLR206W",,,
"YLR207W",0.04,0.31,0.13
"YLR208W",0.01,0.3,0.03
"YLR209C",0.02,0.33,0.07
"YLR212C",,,
"YLR215C",0.04,0.33,0.11
"YLR216C",0.01,0.3,0.05
"YLR219W",0.09,0.33,0.26
"YLR220W",0.02,0.25,0.07
"YLR221C",0.08,0.26,0.3
"YLR222C",0.03,0.35,0.08
"YLR223C",0.05,0.32,0.15
"YLR224W",0.04,0.24,0.17
"YLR225C",0.02,0.33,0.07
"YLR226W",0.02,0.23,0.1
"YLR227C",0.07,0.27,0.26
"YLR228C",0.03,0.33,0.09
"YLR229C",0,0.13,0.02
"YLR231C",0.03,0.26,0.1
"YLR233C",0.12,0.27,0.42
"YLR234W",0.02,0.31,0.06
"YLR237W",0.02,0.29,0.08
"YLR238W",,,
"YLR239C",0.05,0.3,0.18
"YLR240W",0.01,0.25,0.05
"YLR242C",0.04,0.2,0.21
"YLR243W",0.01,0.2,0.04
"YLR244C",,,
"YLR245C",0.04,0.38,0.12
"YLR248W",0.03,0.26,0.13
"YLR249W",0.01,0.1,0.05
"YLR250W",0.03,0.23,0.13
"YLR251W",0.03,0.27,0.12
"YLR253W",0.02,0.32,0.07
"YLR254C",,,
"YLR258W",0.01,0.29,0.03
"YLR259C",0,0.25,0.02
"YLR260W",0.03,0.32,0.09
"YLR262C",0.01,0.25,0.05
"YLR264W",,0.01,
"YLR265C",0.18,0.34,0.52
"YLR266C",0.08,0.25,0.3
"YLR267W",0.05,0.28,0.18
"YLR268W",0.01,0.25,0.03
"YLR270W",0.01,0.3,0.02
"YLR271W",0.18,0.34,0.54
"YLR272C",0.03,0.32,0.08
"YLR276C",0.03,0.25,0.11
"YLR277C",0.03,0.28,0.12
"YLR278C",0.05,0.32,0.15
"YLR281C",0.06,0.33,0.17
"YLR283W",0.07,0.28,0.25
"YLR284C",0.05,0.4,0.12
"YLR285W",0.03,0.31,0.1
"YLR286C",0.06,0.28,0.21
"YLR287C",0.08,0.4,0.21
"YLR288C",0.02,0.29,0.07
"YLR289W",0.02,0.27,0.08
"YLR290C",0.05,0.24,0.21
"YLR291C",0.01,0.27,0.04
"YLR292C",0.01,0.26,0.05
"YLR293C",0,0.11,0.02
"YLR295C",0.04,0.27,0.17
"YLR298C",0.05,0.26,0.2
"YLR299W",,,
"YLR300W",0.01,0.23,0.05
"YLR301W",0.05,0.29,0.17
"YLR303W",0,0.24,0.02
"YLR304C",,,
"YLR305C",0.02,0.29,0.07
"YLR307W",0.03,0.35,0.08
"YLR308W",0.04,0.26,0.15
"YLR309C",0.07,0.32,0.21
"YLR310C",0.03,0.3,0.11
"YLR312C",0.09,0.24,0.37
"YLR314C",0.03,0.28,0.09
"YLR316C",0.05,0.29,0.18
"YLR319C",0.06,0.35,0.17
"YLR320W",0.1,0.31,0.31
"YLR321C",0.02,0.3,0.07
"YLR323C",0.08,0.35,0.23
"YLR324W",0.03,0.29,0.1
"YLR325C",0.01,0.03,0.21
"YLR326W",0.06,0.3,0.2
"YLR327C",,0.36,
"YLR328W",0.01,0.26,0.04
"YLR329W",0.06,0.28,0.22
"YLR330W",0.14,0.36,0.38
"YLR332W",0.05,0.4,0.14
"YLR333C",0,0.14,0.03
"YLR336C",0.06,0.28,0.22
"YLR340W",0.01,0.1,0.09
"YLR343W",0.07,0.31,0.22
"YLR345W",0.02,0.26,0.09
"YLR346C",0.05,0.29,0.18
"YLR347C",0,0.28,0.01
"YLR348C",0.01,0.26,0.05
"YLR350W",0.02,0.32,0.07
"YLR351C",0.01,0.37,0.01
"YLR352W",0.03,0.31,0.08
"YLR353W",0.08,0.28,0.29
"YLR354C",0.01,0.19,0.07
"YLR355C",0,0.06,0.06
"YLR356W",0.05,0.29,0.15
"YLR357W",0.02,0.26,0.07
"YLR359W",0.01,0.31,0.02
"YLR360W",0.06,0.32,0.2
"YLR361C",0.09,0.31,0.29
"YLR362W",0.03,0.29,0.1
"YLR363C",0.01,0.36,0.04
"YLR364W",0.04,0.38,0.11
"YLR368W",0.06,0.3,0.18
"YLR369W",0.03,0.37,0.08
"YLR370C",0.01,0.28,0.02
"YLR371W",0.02,0.26,0.08
"YLR372W",0.02,0.21,0.11
"YLR373C",,,
"YLR375W",0.02,0.25,0.07
"YLR376C",0.07,0.29,0.23
"YLR377C",,,
"YLR378C",0,0.3,0.01
"YLR380W",0.01,0.28,0.05
"YLR381W",0.08,0.3,0.27
"YLR382C",0.05,0.3,0.16
"YLR383W",0.02,0.25,0.08
"YLR385C",0.09,0.36,0.25
"YLR386W",0.01,0.33,0.04
"YLR387C",0.04,0.32,0.13
"YLR388W",,0.07,
"YLR392C",0.04,0.35,0.12
"YLR393W",0.06,0.25,0.26
"YLR395C",0.03,0.14,0.19
"YLR396C",0.04,0.33,0.12
"YLR397C",,,
"YLR398C",0.03,0.31,0.09
"YLR399C",0.04,0.3,0.12
"YLR403W",0.04,0.27,0.14
"YLR404W",0.06,0.29,0.21
"YLR409C",0.03,0.27,0.1
"YLR410W",0.02,0.34,0.07
"YLR411W",0.02,0.3,0.06
"YLR412W",0.08,0.22,0.36
"YLR413W",0.04,0.26,0.15
"YLR414C",0.04,0.37,0.11
"YLR417W",0.06,0.29,0.19
"YLR419W",0.05,0.29,0.16
"YLR420W",0.03,0.27,0.12
"YLR423C",0.05,0.29,0.17
"YLR425W",0.04,0.29,0.13
"YLR427W",0.05,0.27,0.17
"YLR429W",0.05,0.32,0.16
"YLR431C",,,
"YLR432W",,,
"YLR436C",0.04,0.29,0.14
"YLR437C",0.02,0.16,0.11
"YLR438W",0.01,0.24,0.05
"YLR439W",0.04,0.33,0.11
"YLR440C",0.08,0.35,0.22
"YLR441C",,0.06,
"YLR442C",0.1,0.33,0.31
"YLR443W",0.04,0.22,0.2
"YLR445W",0.07,0.2,0.38
"YLR446W",0.03,0.33,0.1
"YLR447C",0,0.16,0.02
"YLR449W",0.04,0.25,0.17
"YLR451W",0.03,0.27,0.11
"YLR452C",0.05,0.32,0.16
"YLR453C",0.15,0.36,0.41
"YLR455W",,,
"YLR456W",0.06,0.35,0.18
"YLR457C",0.08,0.34,0.22
"YLR459W",,,
"YML001W",,0.15,
"YML002W",0.05,0.28,0.18
"YML004C",0.04,0.27,0.16
"YML005W",,,
"YML006C",0.05,0.29,0.17
"YML007W",,,
"YML008C",0.02,0.2,0.08
"YML009C",0.02,0.29,0.07
"YML010W",0.03,0.26,0.1
"YML012W",,,
"YML013W",0.06,0.32,0.19
"YML014W",0.06,0.28,0.2
"YML015C",,,
"YML017W",,,
"YML018C",0.05,0.24,0.18
"YML019W",0.06,0.27,0.21
"YML020W",0.05,0.31,0.16
"YML021C",0.05,0.29,0.18
"YML022W",0.03,0.19,0.17
"YML023C",0.05,0.34,0.16
"YML027W",0.04,0.25,0.14
"YML028W",0.01,0.12,0.1
"YML029W",0.05,0.26,0.19
"YML030W",0.01,0.3,0.02
"YML031W",0.05,0.29,0.18
"YML035C",0.02,0.25,0.07
"YML037C",0.11,0.33,0.35
"YML038C",0.05,0.25,0.21
"YML041C",0.02,0.36,0.05
"YML042W",0.04,0.29,0.12
"YML043C",0.06,0.33,0.19
"YML046W",0.05,0.29,0.19
"YML047C",,,
"YML048W",0.02,0.29,0.07
"YML050W",0.06,0.34,0.19
"YML051W",0.02,0.29,0.06
"YML052W",0.02,0.26,0.08
"YML053C",0.1,0.33,0.3
"YML054C",,,
"YML055W",0.05,0.41,0.12
"YML058W",0.03,0.26,0.11
"YML060W",0.05,0.29,0.17
"YML061C",0.03,0.3,0.1
"YML062C",0.07,0.3,0.22
"YML063W",,0.06,
"YML064C",0.02,0.26,0.07
"YML065W",0.05,0.32,0.16
"YML066C",,,
"YML068W",,,
"YML069W",,,
"YML070W",,,
"YML071C",0.11,0.35,0.31
"YML072C",0.03,0.31,0.11
"YML074C",0.03,0.25,0.13
"YML075C",0.02,0.29,0.05
"YML076C",0.05,0.31,0.16
"YML077W",0.01,0.26,0.05
"YML078W",0.01,0.32,0.04
"YML079W",0.03,0.27,0.1
"YML081W",0.05,0.35,0.13
"YML082W",0.02,0.27,0.08
"YML083C",0.06,0.3,0.2
"YML086C",0.02,0.26,0.08
"YML087C",0.03,0.26,0.11
"YML088W",0.05,0.3,0.15
"YML091C",0.03,0.29,0.12
"YML092C",0,0.23,0.01
"YML093W",0.05,0.32,0.15
"YML095C",0.07,0.23,0.31
"YML096W",0.07,0.3,0.25
"YML097C",0.06,0.35,0.17
"YML098W",0.02,0.31,0.05
"YML099C",0.04,0.34,0.11
"YML100W",0.01,0.33,0.04
"YML101C",0.09,0.23,0.37
"YML102W",0.05,0.34,0.16
"YML103C",0.06,0.32,0.18
"YML105C",0.02,0.29,0.07
"YML106W",0,0.21,0.02
"YML108W",0.03,0.34,0.1
"YML109W",0.09,0.29,0.32
"YML110C",0.02,0.32,0.06
"YML111W",0.02,0.25,0.08
"YML112W",0.04,0.37,0.11
"YML113W",0.05,0.22,0.2
"YML114C",0.05,0.34,0.15
"YML115C",0.02,0.26,0.08
"YML116W",0.04,0.31,0.12
"YML117W",,,
"YML118W",,,
"YML119W",0.07,0.36,0.2
"YML120C",0.01,0.29,0.03
"YML121W",0.01,0.31,0.02
"YML123C",0.02,0.08,0.29
"YML125C",0.02,0.13,0.12
"YML127W",0.02,0.29,0.06
"YML128C",0.02,0.33,0.06
"YML129C",,0.34,
"YML130C",0.03,0.26,0.1
"YML131W",0.04,0.3,0.14
"YMR001C",,,
"YMR002W",0.02,0.29,0.05
"YMR003W",,,
"YMR004W",,,
"YMR005W",0.04,0.23,0.17
"YMR006C",0.02,0.31,0.07
"YMR008C",0.02,0.3,0.07
"YMR009W",0.07,0.3,0.23
"YMR010W",0.02,0.28,0.06
"YMR011W",,,
"YMR012W",,,
"YMR013C",0.07,0.24,0.27
"YMR014W",0.08,0.23,0.34
"YMR015C",0.01,0.21,0.03
"YMR016C",,,
"YMR017W",0.12,0.32,0.36
"YMR018W",0.12,0.27,0.43
"YMR020W",,,
"YMR021C",,,
"YMR022W",,,
"YMR023C",0.08,0.3,0.25
"YMR025W",0.11,0.43,0.25
"YMR026C",0.09,0.34,0.25
"YMR028W",,,
"YMR029C",0.08,0.3,0.26
"YMR030W",0.06,0.29,0.19
"YMR031C",0.05,0.35,0.16
"YMR032W",,,
"YMR034C",0.03,0.34,0.08
"YMR035W",,,
"YMR036C",0.07,0.28,0.24
"YMR037C",,,
"YMR038C",,,
"YMR039C",0.02,0.23,0.08
"YMR040W",0.06,0.2,0.32
"YMR042W",0.06,0.44,0.14
"YMR043W",0.02,0.25,0.09
"YMR044W",0.08,0.33,0.24
"YMR047C",0.08,0.35,0.23
"YMR048W",0.11,0.3,0.36
"YMR052W",0.07,0.27,0.27
"YMR053C",,,
"YMR054W",,,
"YMR055C",0.01,0.36,0.03
"YMR056C",0.01,0.33,0.04
"YMR058W",,,
"YMR059W",0.14,0.23,0.59
"YMR060C",0.09,0.31,0.28
"YMR061W",0.02,0.23,0.1
"YMR062C",0.02,0.3,0.07
"YMR063W",0.02,0.33,0.07
"YMR066W",,,
"YMR067C",0.11,0.36,0.31
"YMR069W",0.13,0.34,0.39
"YMR070W",0.07,0.47,0.14
"YMR072W",,,
"YMR073C",0.05,0.25,0.19
"YMR074C",0.02,0.17,0.15
"YMR075W",0.06,0.32,0.18
"YMR076C",0.03,0.32,0.11
"YMR077C",,,
"YMR078C",,,
"YMR080C",,,
"YMR081C",0.04,0.3,0.13
"YMR083W",0.01,0.27,0.02
"YMR086W",0.12,0.28,0.41
"YMR087W",0.03,0.29,0.09
"YMR088C",0.02,0.25,0.06
"YMR089C",0.02,0.32,0.07
"YMR090W",0.04,0.35,0.11
"YMR091C",0.03,0.23,0.14
"YMR092C",0.03,0.33,0.1
"YMR093W",0.01,0.29,0.04
"YMR094W",0.07,0.26,0.27
"YMR095C",0.07,0.23,0.29
"YMR096W",0.03,0.32,0.09
"YMR097C",0.07,0.23,0.29
"YMR098C",0.12,0.29,0.42
"YMR099C",0.01,0.31,0.05
"YMR100W",0.04,0.29,0.13
"YMR101C",0.06,0.33,0.2
"YMR102C",0.02,0.32,0.07
"YMR104C",0.03,0.35,0.09
"YMR105C",0.01,0.29,0.03
"YMR107W",,,
"YMR108W",0.01,0.25,0.05
"YMR110C",0.06,0.34,0.16
"YMR111C",0.05,0.28,0.19
"YMR112C",0.05,0.26,0.18
"YMR113W",0.04,0.3,0.15
"YMR114C",0.09,0.32,0.29
"YMR115W",0.05,0.32,0.15
"YMR117C",0.04,0.36,0.11
"YMR118C",0.07,0.29,0.25
"YMR119W",0.07,0.32,0.23
"YMR121C",0.01,0.22,0.06
"YMR123W",0.05,0.31,0.17
"YMR124W",0.08,0.35,0.22
"YMR127C",0.04,0.27,0.15
"YMR128W",,,
"YMR131C",,,
"YMR132C",0.06,0.26,0.23
"YMR135C",0.04,0.35,0.11
"YMR136W",,,
"YMR137C",,,
"YMR138W",0.08,0.36,0.21
"YMR139W",0.01,0.3,0.05
"YMR140W",0.05,0.27,0.18
"YMR144W",0.06,0.28,0.2
"YMR145C",0.02,0.27,0.06
"YMR146C",0,0.21,0.01
"YMR148W",0.05,0.34,0.15
"YMR149W",0.07,0.25,0.26
"YMR150C",0.02,0.32,0.07
"YMR152W",0.04,0.31,0.12
"YMR153W",0.09,0.24,0.36
"YMR156C",0.07,0.32,0.22
"YMR157C",,,
"YMR158W",0.01,0.26,0.05
"YMR160W",0.05,0.3,0.16
"YMR161W",0.01,0.3,0.05
"YMR164C",0.07,0.36,0.19
"YMR165C",0.05,0.3,0.17
"YMR166C",0.03,0.29,0.09
"YMR167W",0.06,0.33,0.16
"YMR168C",0.04,0.32,0.13
"YMR169C",0.04,0.43,0.08
"YMR171C",0.04,0.3,0.12
"YMR173W",0.04,0.81,0.05
"YMR174C",0.11,0.55,0.2
"YMR175W",0.05,0.31,0.16
"YMR176W",0.11,0.31,0.37
"YMR177W",0.05,0.27,0.19
"YMR178W",0.02,0.33,0.06
"YMR179W",0.08,0.33,0.25
"YMR180C",0.17,0.36,0.47
"YMR181C",0.02,0.23,0.1
"YMR182C",0.05,0.22,0.24
"YMR183C",0,0.32,0.01
"YMR184W",0.07,0.33,0.19
"YMR186W",0.01,0.22,0.02
"YMR187C",0.07,0.3,0.22
"YMR188C",0.03,0.35,0.08
"YMR189W",0.03,0.28,0.11
"YMR190C",0.05,0.29,0.17
"YMR192W",0.12,0.28,0.42
"YMR193W",0.06,0.35,0.17
"YMR195W",,,
"YMR196W",0.02,0.3,0.05
"YMR197C",0.01,0.23,0.05
"YMR198W",0.07,0.28,0.26
"YMR199W",0.02,0.22,0.09
"YMR200W",0.02,0.31,0.06
"YMR202W",0.02,0.26,0.07
"YMR203W",0.01,0.16,0.04
"YMR204C",0.07,0.33,0.21
"YMR205C",0.01,0.19,0.03
"YMR206W",0.06,0.23,0.25
"YMR208W",0.03,0.37,0.08
"YMR210W",0.03,0.26,0.12
"YMR211W",0.08,0.38,0.21
"YMR212C",,,
"YMR213W",0.09,0.29,0.29
"YMR215W",0.03,0.35,0.09
"YMR216C",0.04,0.27,0.16
"YMR217W",0,0.18,0.01
"YMR218C",0.05,0.31,0.16
"YMR220W",0.06,0.31,0.2
"YMR221C",0.04,0.35,0.12
"YMR222C",0.03,0.39,0.08
"YMR223W",,,
"YMR224C",,,
"YMR227C",,,
"YMR228W",0.03,0.32,0.09
"YMR229C",0.04,0.3,0.12
"YMR231W",0.03,0.34,0.1
"YMR232W",0.06,0.3,0.18
"YMR233W",,,
"YMR234W",0.08,0.37,0.21
"YMR235C",0.02,0.29,0.07
"YMR236W",0.03,0.42,0.07
"YMR237W",0.02,0.28,0.08
"YMR238W",,,
"YMR239C",,,
"YMR240C",0.1,0.37,0.26
"YMR241W",0,0.19,0.02
"YMR243C",0.02,0.3,0.05
"YMR244W",0.03,0.49,0.06
"YMR246W",0.02,0.26,0.07
"YMR247C",,,
"YMR250W",0.02,0.41,0.05
"YMR252C",0.04,0.38,0.1
"YMR253C",0.04,0.31,0.14
"YMR255W",0.05,0.29,0.16
"YMR256C",,0.37,
"YMR257C",0.08,0.32,0.23
"YMR258C",,,
"YMR259C",0.08,0.27,0.29
"YMR260C",,0.2,
"YMR261C",0.02,0.29,0.07
"YMR262W",0.07,0.27,0.26
"YMR263W",0.04,0.22,0.16
"YMR264W",0.04,0.22,0.16
"YMR266W",0.03,0.28,0.09
"YMR267W",0.05,0.35,0.15
"YMR270C",,,
"YMR271C",0.04,0.35,0.12
"YMR272C",0.01,0.26,0.03
"YMR273C",0.08,0.31,0.26
"YMR274C",,,
"YMR275C",,,
"YMR276W",0.03,0.27,0.12
"YMR277W",0.01,0.27,0.05
"YMR278W",0.03,0.31,0.1
"YMR279C",0.03,0.32,0.09
"YMR280C",0.06,0.32,0.18
"YMR281W",0.07,0.4,0.18
"YMR282C",0.09,0.29,0.32
"YMR284W",0.06,0.36,0.16
"YMR285C",0.04,0.31,0.14
"YMR286W",0.02,0.35,0.07
"YMR287C",0.05,0.32,0.17
"YMR288W",0.03,0.31,0.11
"YMR290C",0.01,0.24,0.04
"YMR291W",0.01,0.31,0.04
"YMR293C",0.04,0.32,0.14
"YMR294W",0.09,0.34,0.27
"YMR295C",0.01,0.23,0.04
"YMR296C",0.01,0.31,0.04
"YMR297W",0.01,0.32,0.02
"YMR298W",0.02,0.32,0.07
"YMR299C",0.12,0.25,0.47
"YMR300C",0,0.22,0.02
"YMR301C",0.03,0.32,0.09
"YMR302C",0.02,0.3,0.05
"YMR303C",0.03,0.31,0.09
"YMR307W",0.02,0.33,0.05
"YMR308C",0.01,0.27,0.04
"YMR309C",0.01,0.21,0.07
"YMR310C",0.05,0.34,0.15
"YMR311C",0.04,0.42,0.09
"YMR312W",0.07,0.25,0.27
"YMR313C",,,
"YMR314W",0,0.17,0.01
"YMR315W",0.03,0.34,0.09
"YMR316W",0.1,0.24,0.39
"YMR317W",0.29,0.48,0.6
"YMR318C",0.03,0.39,0.07
"YMR319C",0.02,0.33,0.06
"YMR325W",,,
"YNL145W",0.04,0.51,0.08
"YNL146W",0.15,0.34,0.44
"YNL148C",0.1,0.32,0.3
"YNL149C",0.05,0.25,0.18
"YNL151C",0.03,0.35,0.08
"YNL152W",0.06,0.35,0.16
"YNL153C",0.03,0.22,0.14
"YNL154C",0.01,0.3,0.04
"YNL155W",0.09,0.31,0.29
"YNL156C",0.03,0.27,0.1
"YNL157W",0.02,0.38,0.06
"YNL158W",0.12,0.36,0.32
"YNL159C",0.07,0.27,0.26
"YNL160W",0.03,0.26,0.11
"YNL161W",0.02,0.37,0.06
"YNL163C",0.03,0.29,0.11
"YNL164C",0.05,0.27,0.2
"YNL165W",,,
"YNL166C",,,
"YNL167C",0.05,0.32,0.16
"YNL168C",0.03,0.31,0.09
"YNL169C",0.02,0.28,0.07
"YNL173C",0.13,0.39,0.34
"YNL175C",0.05,0.21,0.22
"YNL176C",,,
"YNL177C",,,
"YNL178W",,0.08,
"YNL180C",0.03,0.2,0.16
"YNL181W",0.03,0.24,0.12
"YNL182C",0.05,0.35,0.14
"YNL183C",,,
"YNL185C",,,
"YNL186W",,,
"YNL187W",0.12,0.31,0.38
"YNL188W",0.12,0.31,0.37
"YNL189W",0.01,0.23,0.02
"YNL190W",,,
"YNL191W",0.01,0.26,0.05
"YNL192W",0.03,0.33,0.08
"YNL193W",0.07,0.34,0.19
"YNL194C",0.03,0.36,0.09
"YNL197C",0.03,0.29,0.11
"YNL199C",0.03,0.29,0.1
"YNL200C",0.02,0.24,0.06
"YNL201C",,,
"YNL202W",0.02,0.42,0.06
"YNL204C",0.05,0.32,0.14
"YNL206C",0.06,0.4,0.14
"YNL207W",0.03,0.3,0.08
"YNL209W",,,
"YNL210W",0.15,0.32,0.45
"YNL212W",0.03,0.31,0.11
"YNL213C",,,
"YNL214W",0.1,0.33,0.31
"YNL215W",,,
"YNL216W",,,
"YNL217W",0.05,0.3,0.18
"YNL218W",0.04,0.32,0.11
"YNL219C",,,
"YNL220W",0.01,0.2,0.03
"YNL221C",0.08,0.33,0.24
"YNL222W",0.01,0.09,0.06
"YNL224C",0.08,0.37,0.22
"YNL225C",0.06,0.32,0.2
"YNL227C",0.05,0.31,0.16
"YNL230C",0.06,0.24,0.25
"YNL232W",0.05,0.28,0.16
"YNL233W",0.1,0.33,0.29
"YNL234W",0.07,0.35,0.2
"YNL236W",0.02,0.34,0.05
"YNL237W",0.04,0.33,0.12
"YNL240C",0.04,0.3,0.12
"YNL241C",,,
"YNL242W",0.06,0.32,0.19
"YNL243W",0.01,0.3,0.05
"YNL244C",,0.09,
"YNL245C",0.07,0.31,0.23
"YNL247W",,,
"YNL248C",,,
"YNL250W",0.03,0.31,0.1
"YNL251C",0.02,0.28,0.06
"YNL252C",0.05,0.34,0.15
"YNL253W",0.05,0.35,0.13
"YNL255C",,,
"YNL257C",0.04,0.33,0.11
"YNL258C",0.06,0.3,0.21
"YNL259C",0.07,0.3,0.23
"YNL261W",0.03,0.34,0.09
"YNL263C",0.02,0.3,0.08
"YNL264C",0.03,0.26,0.12
"YNL267W",0.03,0.27,0.11
"YNL268W",,,
"YNL270C",0.05,0.38,0.13
"YNL272C",0.07,0.28,0.24
"YNL273W",0.07,0.35,0.19
"YNL274C",,,
"YNL275W",0.04,0.35,0.11
"YNL277W",0.02,0.36,0.05
"YNL278W",0.06,0.3,0.21
"YNL279W",0.05,0.35,0.14
"YNL280C",0.02,0.24,0.07
"YNL281W",0.02,0.18,0.09
"YNL282W",0.04,0.4,0.1
"YNL283C",0.05,0.25,0.21
"YNL286W",0.07,0.24,0.31
"YNL288W",0.01,0.27,0.05
"YNL289W",0.03,0.29,0.09
"YNL290W",0.02,0.33,0.05
"YNL291C",0.04,0.34,0.11
"YNL292W",,,
"YNL293W",0.03,0.27,0.09
"YNL294C",0.05,0.32,0.15
"YNL295W",0.06,0.32,0.18
"YNL297C",,,
"YNL298W",0.03,0.28,0.12
"YNL300W",0.08,0.39,0.2
"YNL304W",0.04,0.31,0.13
"YNL305C",0.02,0.41,0.05
"YNL306W",0.05,0.27,0.2
"YNL307C",0.01,0.21,0.05
"YNL308C",,,
"YNL311C",0.04,0.3,0.12
"YNL313C",0.04,0.3,0.12
"YNL314W",0.04,0.33,0.12
"YNL315C",0.05,0.42,0.11
"YNL317W",0.01,0.31,0.04
"YNL318C",0.04,0.34,0.11
"YNL320W",0.02,0.24,0.07
"YNL321W",0,0.02,0.04
"YNL322C",0.01,0.03,0.21
"YNL323W",,0.01,
"YNL325C",0,0.01,0.08
"YNL326C",0.01,,
"YNL327W",0.01,0.01,0.59
"YNL328C",0.01,,
"YNL329C",0.01,0.01,0.39
"YNL330C",,0.02,
"YNL331C",0.01,0.05,0.14
"YNL332W",0,0.17,0.01
"YNL333W",0.03,0.35,0.08
"YNL334C",0.07,0.3,0.23
"YNL335W",0.07,0.33,0.21
